order_id,sku,qty,amount,fail_at,comp_fail_at
ORD000001,GADGET-X,7,1533.07,,
ORD000002,PANEL-40W,2,261.46,,
ORD000003,CABLE-2M,7,3088.26,,
ORD000004,PANEL-40W,8,1045.84,,
ORD000005,BATTERY-AA,5,1359.45,,
ORD000006,BATTERY-AA,1,271.89,,
ORD000007,WIDGET-B,9,1161.0,,
ORD000008,SENSOR-T1,6,2310.78,,
ORD000009,WIDGET-B,5,645.0,,
ORD000010,CABLE-2M,3,1323.54,,
ORD000011,ADAPTER-USB-C,1,151.3,,
ORD000012,SENSOR-T1,9,3466.17,,
ORD000013,GADGET-X,9,1971.09,,
ORD000014,WIDGET-B,5,645.0,,
ORD000015,BATTERY-AA,10,2718.9,,
ORD000016,GIZMO-PRO,3,601.08,,
ORD000017,MODULE-Z,3,1090.83,,
ORD000018,BATTERY-AA,9,2447.01,,
ORD000019,WIDGET-A,10,3501.9,,
ORD000020,MODULE-Z,8,2908.88,,
ORD000021,WIDGET-A,2,700.38,,
ORD000022,MODULE-Z,5,1818.05,,
ORD000023,GIZMO-PRO,1,200.36,,
ORD000024,GIZMO-PRO,10,2003.6,,
ORD000025,WIDGET-B,2,258.0,,
ORD000026,ADAPTER-USB-C,2,302.6,,
ORD000027,BATTERY-AA,3,815.67,order,
ORD000028,GADGET-X,8,1752.08,,
ORD000029,BATTERY-AA,3,815.67,,
ORD000030,SENSOR-T1,9,3466.17,,
ORD000031,PANEL-40W,7,915.11,,
ORD000032,GIZMO-PRO,9,1803.24,,
ORD000033,GIZMO-PRO,5,1001.8,,
ORD000034,CABLE-2M,6,2647.08,,
ORD000035,ADAPTER-USB-C,9,1361.7,,
ORD000036,ADAPTER-USB-C,2,302.6,,
ORD000037,GIZMO-PRO,4,801.44,,
ORD000038,WIDGET-B,6,774.0,,
ORD000039,WIDGET-A,10,3501.9,,
ORD000040,BATTERY-AA,4,1087.56,,
ORD000041,PANEL-40W,4,522.92,,
ORD000042,WIDGET-A,2,700.38,,
ORD000043,WIDGET-A,4,1400.76,,
ORD000044,WIDGET-B,1,129.0,,
ORD000045,MODULE-Z,2,727.22,,
ORD000046,BATTERY-AA,4,1087.56,,
ORD000047,SENSOR-T1,8,3081.04,,
ORD000048,GIZMO-PRO,9,1803.24,,
ORD000049,GADGET-X,10,2190.1,,
ORD000050,PANEL-40W,8,1045.84,,
ORD000051,GIZMO-PRO,8,1602.88,,
ORD000052,CABLE-2M,4,1764.72,,
ORD000053,WIDGET-B,2,258.0,,
ORD000054,CABLE-2M,6,2647.08,,
ORD000055,CABLE-2M,7,3088.26,,
ORD000056,ADAPTER-USB-C,1,151.3,,
ORD000057,WIDGET-B,1,129.0,,
ORD000058,CABLE-2M,6,2647.08,,
ORD000059,WIDGET-B,4,516.0,,
ORD000060,GIZMO-PRO,4,801.44,,
ORD000061,BATTERY-AA,8,2175.12,,
ORD000062,GADGET-X,7,1533.07,,
ORD000063,GADGET-X,5,1095.05,,
ORD000064,ADAPTER-USB-C,4,605.2,,
ORD000065,WIDGET-B,8,1032.0,,
ORD000066,BATTERY-AA,2,543.78,,
ORD000067,WIDGET-A,9,3151.71,,
ORD000068,WIDGET-A,2,700.38,,
ORD000069,GIZMO-PRO,3,601.08,,
ORD000070,CABLE-2M,8,3529.44,,
ORD000071,ADAPTER-USB-C,4,605.2,,
ORD000072,CABLE-2M,1,441.18,,
ORD000073,GADGET-X,7,1533.07,,
ORD000074,WIDGET-A,7,2451.33,,
ORD000075,SENSOR-T1,8,3081.04,,
ORD000076,SENSOR-T1,7,2695.91,,
ORD000077,BATTERY-AA,8,2175.12,,
ORD000078,GADGET-X,4,876.04,,
ORD000079,SENSOR-T1,4,1540.52,,
ORD000080,WIDGET-A,10,3501.9,,
ORD000081,BATTERY-AA,1,271.89,,
ORD000082,MODULE-Z,1,363.61,,
ORD000083,WIDGET-A,10,3501.9,,
ORD000084,ADAPTER-USB-C,9,1361.7,,
ORD000085,BATTERY-AA,3,815.67,,
ORD000086,WIDGET-A,9,3151.71,,
ORD000087,WIDGET-B,3,387.0,,
ORD000088,WIDGET-B,10,1290.0,,
ORD000089,WIDGET-B,4,516.0,,
ORD000090,CABLE-2M,2,882.36,,
ORD000091,PANEL-40W,4,522.92,,
ORD000092,PANEL-40W,10,1307.3,,
ORD000093,WIDGET-A,10,3501.9,,
ORD000094,WIDGET-B,7,903.0,,
ORD000095,PANEL-40W,10,1307.3,,
ORD000096,BATTERY-AA,6,1631.34,,
ORD000097,SENSOR-T1,4,1540.52,,
ORD000098,MODULE-Z,4,1454.44,,
ORD000099,SENSOR-T1,7,2695.91,,
ORD000100,GADGET-X,5,1095.05,,
ORD000101,ADAPTER-USB-C,6,907.8,,
ORD000102,WIDGET-B,1,129.0,,
ORD000103,ADAPTER-USB-C,10,1513.0,,
ORD000104,PANEL-40W,2,261.46,,
ORD000105,WIDGET-B,9,1161.0,,
ORD000106,GIZMO-PRO,9,1803.24,,
ORD000107,SENSOR-T1,3,1155.39,,
ORD000108,MODULE-Z,2,727.22,,
ORD000109,GIZMO-PRO,6,1202.16,order,
ORD000110,SENSOR-T1,3,1155.39,,
ORD000111,ADAPTER-USB-C,9,1361.7,,
ORD000112,SENSOR-T1,10,3851.3,,
ORD000113,BATTERY-AA,1,271.89,,
ORD000114,BATTERY-AA,5,1359.45,,
ORD000115,WIDGET-B,3,387.0,,
ORD000116,SENSOR-T1,2,770.26,,
ORD000117,WIDGET-B,9,1161.0,,
ORD000118,GADGET-X,5,1095.05,,
ORD000119,SENSOR-T1,10,3851.3,,
ORD000120,GIZMO-PRO,6,1202.16,,
ORD000121,GIZMO-PRO,5,1001.8,,
ORD000122,BATTERY-AA,8,2175.12,,
ORD000123,SENSOR-T1,1,385.13,,
ORD000124,WIDGET-B,7,903.0,,
ORD000125,SENSOR-T1,1,385.13,,
ORD000126,WIDGET-A,6,2101.14,,
ORD000127,GADGET-X,5,1095.05,,
ORD000128,GADGET-X,8,1752.08,,
ORD000129,BATTERY-AA,7,1903.23,,
ORD000130,BATTERY-AA,1,271.89,,
ORD000131,WIDGET-B,2,258.0,,
ORD000132,GADGET-X,9,1971.09,inventory,
ORD000133,WIDGET-A,6,2101.14,,
ORD000134,PANEL-40W,9,1176.57,,
ORD000135,GADGET-X,7,1533.07,,
ORD000136,GADGET-X,1,219.01,,
ORD000137,SENSOR-T1,6,2310.78,,
ORD000138,WIDGET-A,6,2101.14,,
ORD000139,GIZMO-PRO,4,801.44,,
ORD000140,WIDGET-B,6,774.0,,
ORD000141,BATTERY-AA,7,1903.23,,
ORD000142,PANEL-40W,3,392.19,,
ORD000143,GIZMO-PRO,3,601.08,,
ORD000144,GADGET-X,7,1533.07,,
ORD000145,WIDGET-A,3,1050.57,,
ORD000146,MODULE-Z,7,2545.27,,
ORD000147,GIZMO-PRO,5,1001.8,,
ORD000148,GADGET-X,2,438.02,,
ORD000149,CABLE-2M,1,441.18,,
ORD000150,ADAPTER-USB-C,4,605.2,,
ORD000151,GIZMO-PRO,8,1602.88,,
ORD000152,MODULE-Z,5,1818.05,,
ORD000153,GIZMO-PRO,4,801.44,,
ORD000154,WIDGET-A,4,1400.76,,
ORD000155,CABLE-2M,6,2647.08,,
ORD000156,SENSOR-T1,2,770.26,,
ORD000157,SENSOR-T1,6,2310.78,,
ORD000158,BATTERY-AA,7,1903.23,,
ORD000159,BATTERY-AA,6,1631.34,,
ORD000160,WIDGET-A,2,700.38,,
ORD000161,SENSOR-T1,3,1155.39,,
ORD000162,PANEL-40W,5,653.65,,
ORD000163,WIDGET-A,2,700.38,,
ORD000164,PANEL-40W,7,915.11,,
ORD000165,MODULE-Z,6,2181.66,,
ORD000166,CABLE-2M,10,4411.8,,
ORD000167,BATTERY-AA,2,543.78,,
ORD000168,CABLE-2M,10,4411.8,,
ORD000169,GIZMO-PRO,5,1001.8,,
ORD000170,WIDGET-A,7,2451.33,,
ORD000171,WIDGET-A,9,3151.71,,
ORD000172,BATTERY-AA,4,1087.56,,
ORD000173,MODULE-Z,7,2545.27,,
ORD000174,WIDGET-B,6,774.0,,
ORD000175,PANEL-40W,6,784.38,,
ORD000176,WIDGET-B,5,645.0,,
ORD000177,BATTERY-AA,5,1359.45,,
ORD000178,CABLE-2M,6,2647.08,order,
ORD000179,CABLE-2M,5,2205.9,,
ORD000180,BATTERY-AA,3,815.67,,
ORD000181,GIZMO-PRO,7,1402.52,,
ORD000182,CABLE-2M,3,1323.54,,
ORD000183,PANEL-40W,10,1307.3,,
ORD000184,SENSOR-T1,7,2695.91,,
ORD000185,BATTERY-AA,1,271.89,,
ORD000186,SENSOR-T1,5,1925.65,,
ORD000187,GIZMO-PRO,7,1402.52,,
ORD000188,PANEL-40W,10,1307.3,inventory,
ORD000189,MODULE-Z,8,2908.88,,
ORD000190,ADAPTER-USB-C,8,1210.4,,
ORD000191,GIZMO-PRO,9,1803.24,,
ORD000192,ADAPTER-USB-C,3,453.9,,
ORD000193,WIDGET-B,5,645.0,inventory,order
ORD000194,BATTERY-AA,10,2718.9,,
ORD000195,MODULE-Z,2,727.22,,
ORD000196,GIZMO-PRO,5,1001.8,,
ORD000197,GIZMO-PRO,4,801.44,,
ORD000198,GADGET-X,1,219.01,,
ORD000199,WIDGET-A,4,1400.76,,
ORD000200,ADAPTER-USB-C,10,1513.0,,
ORD000201,WIDGET-B,8,1032.0,,
ORD000202,CABLE-2M,10,4411.8,,
ORD000203,GIZMO-PRO,7,1402.52,,
ORD000204,ADAPTER-USB-C,7,1059.1,,
ORD000205,GIZMO-PRO,3,601.08,,
ORD000206,WIDGET-A,2,700.38,,
ORD000207,CABLE-2M,4,1764.72,,
ORD000208,GADGET-X,9,1971.09,,
ORD000209,ADAPTER-USB-C,1,151.3,,
ORD000210,BATTERY-AA,4,1087.56,,
ORD000211,WIDGET-B,8,1032.0,,
ORD000212,GADGET-X,8,1752.08,,
ORD000213,BATTERY-AA,9,2447.01,,
ORD000214,PANEL-40W,6,784.38,,
ORD000215,ADAPTER-USB-C,10,1513.0,,
ORD000216,BATTERY-AA,7,1903.23,,
ORD000217,BATTERY-AA,8,2175.12,,
ORD000218,GADGET-X,8,1752.08,,
ORD000219,ADAPTER-USB-C,5,756.5,,
ORD000220,GIZMO-PRO,5,1001.8,,
ORD000221,BATTERY-AA,8,2175.12,,
ORD000222,GIZMO-PRO,5,1001.8,,
ORD000223,ADAPTER-USB-C,2,302.6,,
ORD000224,SENSOR-T1,4,1540.52,,
ORD000225,SENSOR-T1,6,2310.78,,
ORD000226,MODULE-Z,9,3272.49,,
ORD000227,WIDGET-B,3,387.0,,
ORD000228,GADGET-X,4,876.04,,
ORD000229,CABLE-2M,3,1323.54,,
ORD000230,GIZMO-PRO,2,400.72,inventory,
ORD000231,CABLE-2M,7,3088.26,,
ORD000232,MODULE-Z,9,3272.49,,
ORD000233,ADAPTER-USB-C,7,1059.1,,
ORD000234,WIDGET-A,4,1400.76,,
ORD000235,CABLE-2M,7,3088.26,,
ORD000236,PANEL-40W,1,130.73,,
ORD000237,PANEL-40W,7,915.11,,
ORD000238,ADAPTER-USB-C,1,151.3,,
ORD000239,MODULE-Z,5,1818.05,,
ORD000240,CABLE-2M,7,3088.26,,
ORD000241,BATTERY-AA,9,2447.01,,
ORD000242,PANEL-40W,4,522.92,,
ORD000243,ADAPTER-USB-C,4,605.2,,
ORD000244,SENSOR-T1,7,2695.91,,
ORD000245,ADAPTER-USB-C,1,151.3,,
ORD000246,CABLE-2M,6,2647.08,,
ORD000247,CABLE-2M,3,1323.54,,
ORD000248,ADAPTER-USB-C,3,453.9,,
ORD000249,PANEL-40W,9,1176.57,,
ORD000250,WIDGET-A,7,2451.33,,
ORD000251,PANEL-40W,10,1307.3,,
ORD000252,WIDGET-A,2,700.38,,
ORD000253,CABLE-2M,3,1323.54,,
ORD000254,ADAPTER-USB-C,3,453.9,,
ORD000255,WIDGET-A,5,1750.95,,
ORD000256,CABLE-2M,6,2647.08,,
ORD000257,GIZMO-PRO,8,1602.88,,
ORD000258,MODULE-Z,6,2181.66,,
ORD000259,CABLE-2M,5,2205.9,,
ORD000260,CABLE-2M,5,2205.9,,
ORD000261,WIDGET-B,8,1032.0,,
ORD000262,WIDGET-A,9,3151.71,,
ORD000263,WIDGET-A,6,2101.14,,
ORD000264,GIZMO-PRO,2,400.72,,
ORD000265,WIDGET-A,1,350.19,,
ORD000266,GIZMO-PRO,4,801.44,,
ORD000267,WIDGET-A,10,3501.9,,
ORD000268,GADGET-X,4,876.04,,
ORD000269,GADGET-X,8,1752.08,,
ORD000270,WIDGET-B,10,1290.0,,
ORD000271,GIZMO-PRO,8,1602.88,,
ORD000272,SENSOR-T1,6,2310.78,inventory,
ORD000273,GADGET-X,10,2190.1,,
ORD000274,PANEL-40W,2,261.46,,
ORD000275,GADGET-X,5,1095.05,,
ORD000276,WIDGET-B,10,1290.0,,
ORD000277,WIDGET-A,5,1750.95,,
ORD000278,PANEL-40W,7,915.11,,
ORD000279,CABLE-2M,4,1764.72,,
ORD000280,WIDGET-B,10,1290.0,,
ORD000281,GIZMO-PRO,2,400.72,,
ORD000282,SENSOR-T1,10,3851.3,,
ORD000283,WIDGET-B,10,1290.0,,
ORD000284,WIDGET-A,6,2101.14,,
ORD000285,BATTERY-AA,7,1903.23,inventory,
ORD000286,MODULE-Z,2,727.22,,
ORD000287,BATTERY-AA,6,1631.34,,
ORD000288,WIDGET-A,7,2451.33,,
ORD000289,ADAPTER-USB-C,2,302.6,,
ORD000290,CABLE-2M,6,2647.08,,
ORD000291,ADAPTER-USB-C,3,453.9,,
ORD000292,CABLE-2M,3,1323.54,,
ORD000293,BATTERY-AA,5,1359.45,inventory,
ORD000294,PANEL-40W,9,1176.57,,
ORD000295,ADAPTER-USB-C,8,1210.4,,
ORD000296,CABLE-2M,10,4411.8,,
ORD000297,SENSOR-T1,6,2310.78,,
ORD000298,GIZMO-PRO,2,400.72,,
ORD000299,SENSOR-T1,8,3081.04,,
ORD000300,GIZMO-PRO,8,1602.88,,
ORD000301,PANEL-40W,10,1307.3,,
ORD000302,CABLE-2M,6,2647.08,,
ORD000303,WIDGET-A,8,2801.52,,
ORD000304,MODULE-Z,3,1090.83,,
ORD000305,ADAPTER-USB-C,4,605.2,,
ORD000306,MODULE-Z,5,1818.05,,
ORD000307,MODULE-Z,5,1818.05,,
ORD000308,PANEL-40W,5,653.65,,
ORD000309,BATTERY-AA,1,271.89,,
ORD000310,BATTERY-AA,4,1087.56,,
ORD000311,WIDGET-B,4,516.0,,
ORD000312,CABLE-2M,8,3529.44,,
ORD000313,BATTERY-AA,4,1087.56,,
ORD000314,ADAPTER-USB-C,8,1210.4,,
ORD000315,ADAPTER-USB-C,1,151.3,,
ORD000316,WIDGET-B,5,645.0,,
ORD000317,GIZMO-PRO,7,1402.52,,
ORD000318,GIZMO-PRO,5,1001.8,,
ORD000319,PANEL-40W,6,784.38,,
ORD000320,ADAPTER-USB-C,9,1361.7,,
ORD000321,BATTERY-AA,6,1631.34,,
ORD000322,CABLE-2M,9,3970.62,,
ORD000323,MODULE-Z,6,2181.66,order,
ORD000324,ADAPTER-USB-C,5,756.5,,
ORD000325,SENSOR-T1,5,1925.65,,
ORD000326,GIZMO-PRO,2,400.72,,
ORD000327,GIZMO-PRO,6,1202.16,inventory,
ORD000328,WIDGET-B,9,1161.0,,
ORD000329,GADGET-X,4,876.04,,
ORD000330,GIZMO-PRO,8,1602.88,,
ORD000331,SENSOR-T1,10,3851.3,,
ORD000332,BATTERY-AA,10,2718.9,,
ORD000333,SENSOR-T1,2,770.26,,
ORD000334,GIZMO-PRO,5,1001.8,,
ORD000335,GIZMO-PRO,6,1202.16,,
ORD000336,GADGET-X,5,1095.05,,
ORD000337,WIDGET-A,9,3151.71,,
ORD000338,GADGET-X,5,1095.05,,
ORD000339,WIDGET-A,1,350.19,,
ORD000340,BATTERY-AA,5,1359.45,,
ORD000341,GADGET-X,8,1752.08,,
ORD000342,WIDGET-B,1,129.0,,
ORD000343,PANEL-40W,5,653.65,,
ORD000344,ADAPTER-USB-C,8,1210.4,,
ORD000345,ADAPTER-USB-C,6,907.8,,
ORD000346,GADGET-X,1,219.01,,
ORD000347,SENSOR-T1,8,3081.04,,
ORD000348,WIDGET-B,2,258.0,,
ORD000349,CABLE-2M,8,3529.44,,
ORD000350,WIDGET-B,10,1290.0,,
ORD000351,WIDGET-A,3,1050.57,,
ORD000352,GADGET-X,10,2190.1,,
ORD000353,SENSOR-T1,2,770.26,,
ORD000354,GIZMO-PRO,2,400.72,,
ORD000355,BATTERY-AA,7,1903.23,,
ORD000356,PANEL-40W,10,1307.3,,
ORD000357,PANEL-40W,4,522.92,,
ORD000358,BATTERY-AA,7,1903.23,,
ORD000359,ADAPTER-USB-C,8,1210.4,,
ORD000360,SENSOR-T1,10,3851.3,,
ORD000361,CABLE-2M,5,2205.9,,
ORD000362,PANEL-40W,10,1307.3,,
ORD000363,WIDGET-A,10,3501.9,,
ORD000364,WIDGET-B,4,516.0,,
ORD000365,GIZMO-PRO,5,1001.8,,
ORD000366,WIDGET-B,3,387.0,,
ORD000367,GIZMO-PRO,3,601.08,,
ORD000368,BATTERY-AA,2,543.78,,
ORD000369,GADGET-X,1,219.01,,
ORD000370,CABLE-2M,8,3529.44,,
ORD000371,PANEL-40W,8,1045.84,,
ORD000372,SENSOR-T1,1,385.13,,
ORD000373,GIZMO-PRO,5,1001.8,inventory,order
ORD000374,SENSOR-T1,8,3081.04,,
ORD000375,WIDGET-B,4,516.0,,
ORD000376,SENSOR-T1,10,3851.3,,
ORD000377,GIZMO-PRO,7,1402.52,,
ORD000378,WIDGET-B,9,1161.0,,
ORD000379,GIZMO-PRO,3,601.08,,
ORD000380,SENSOR-T1,3,1155.39,order,
ORD000381,WIDGET-B,1,129.0,,
ORD000382,GADGET-X,5,1095.05,,
ORD000383,PANEL-40W,10,1307.3,,
ORD000384,SENSOR-T1,8,3081.04,,
ORD000385,WIDGET-B,8,1032.0,,
ORD000386,SENSOR-T1,7,2695.91,,
ORD000387,SENSOR-T1,9,3466.17,,
ORD000388,BATTERY-AA,8,2175.12,,
ORD000389,ADAPTER-USB-C,2,302.6,,
ORD000390,PANEL-40W,1,130.73,,
ORD000391,CABLE-2M,6,2647.08,,
ORD000392,PANEL-40W,5,653.65,,
ORD000393,WIDGET-A,2,700.38,,
ORD000394,GIZMO-PRO,10,2003.6,,
ORD000395,PANEL-40W,1,130.73,,
ORD000396,SENSOR-T1,10,3851.3,,
ORD000397,WIDGET-A,3,1050.57,order,
ORD000398,ADAPTER-USB-C,9,1361.7,,
ORD000399,ADAPTER-USB-C,5,756.5,,
ORD000400,GADGET-X,10,2190.1,,
ORD000401,CABLE-2M,8,3529.44,,
ORD000402,WIDGET-B,8,1032.0,,
ORD000403,MODULE-Z,7,2545.27,,
ORD000404,MODULE-Z,6,2181.66,,
ORD000405,WIDGET-B,3,387.0,,
ORD000406,MODULE-Z,7,2545.27,,
ORD000407,ADAPTER-USB-C,5,756.5,,
ORD000408,CABLE-2M,9,3970.62,,
ORD000409,WIDGET-A,8,2801.52,,
ORD000410,WIDGET-B,6,774.0,,
ORD000411,SENSOR-T1,6,2310.78,,
ORD000412,WIDGET-B,7,903.0,,
ORD000413,BATTERY-AA,1,271.89,,
ORD000414,BATTERY-AA,8,2175.12,inventory,
ORD000415,CABLE-2M,1,441.18,,
ORD000416,GIZMO-PRO,9,1803.24,,
ORD000417,MODULE-Z,10,3636.1,,
ORD000418,ADAPTER-USB-C,8,1210.4,,
ORD000419,WIDGET-A,4,1400.76,order,
ORD000420,SENSOR-T1,9,3466.17,,
ORD000421,GADGET-X,5,1095.05,,
ORD000422,ADAPTER-USB-C,8,1210.4,,
ORD000423,WIDGET-B,1,129.0,,
ORD000424,PANEL-40W,4,522.92,,
ORD000425,GADGET-X,5,1095.05,,
ORD000426,BATTERY-AA,1,271.89,,
ORD000427,BATTERY-AA,7,1903.23,,
ORD000428,WIDGET-B,4,516.0,,
ORD000429,WIDGET-B,8,1032.0,,
ORD000430,WIDGET-B,3,387.0,,
ORD000431,ADAPTER-USB-C,5,756.5,,
ORD000432,BATTERY-AA,5,1359.45,,
ORD000433,CABLE-2M,8,3529.44,,
ORD000434,ADAPTER-USB-C,4,605.2,,
ORD000435,ADAPTER-USB-C,9,1361.7,,
ORD000436,GADGET-X,7,1533.07,,
ORD000437,GIZMO-PRO,10,2003.6,,
ORD000438,BATTERY-AA,3,815.67,,
ORD000439,WIDGET-B,5,645.0,,
ORD000440,CABLE-2M,6,2647.08,,
ORD000441,BATTERY-AA,5,1359.45,,
ORD000442,WIDGET-A,5,1750.95,,
ORD000443,SENSOR-T1,10,3851.3,,
ORD000444,PANEL-40W,8,1045.84,,
ORD000445,GADGET-X,8,1752.08,,
ORD000446,BATTERY-AA,8,2175.12,,
ORD000447,MODULE-Z,6,2181.66,,
ORD000448,BATTERY-AA,9,2447.01,,
ORD000449,CABLE-2M,8,3529.44,,
ORD000450,MODULE-Z,4,1454.44,inventory,order
ORD000451,GIZMO-PRO,10,2003.6,,
ORD000452,CABLE-2M,4,1764.72,,
ORD000453,CABLE-2M,1,441.18,,
ORD000454,MODULE-Z,8,2908.88,,
ORD000455,CABLE-2M,7,3088.26,,
ORD000456,GADGET-X,8,1752.08,,
ORD000457,WIDGET-A,3,1050.57,,
ORD000458,BATTERY-AA,10,2718.9,,
ORD000459,MODULE-Z,2,727.22,,
ORD000460,ADAPTER-USB-C,2,302.6,,
ORD000461,BATTERY-AA,8,2175.12,,
ORD000462,WIDGET-A,3,1050.57,,
ORD000463,CABLE-2M,3,1323.54,,
ORD000464,WIDGET-B,8,1032.0,,
ORD000465,SENSOR-T1,6,2310.78,,
ORD000466,PANEL-40W,7,915.11,,
ORD000467,WIDGET-B,6,774.0,,
ORD000468,BATTERY-AA,7,1903.23,,
ORD000469,MODULE-Z,8,2908.88,,
ORD000470,BATTERY-AA,1,271.89,,
ORD000471,PANEL-40W,2,261.46,,
ORD000472,GIZMO-PRO,5,1001.8,,
ORD000473,GIZMO-PRO,2,400.72,,
ORD000474,CABLE-2M,2,882.36,,
ORD000475,WIDGET-B,8,1032.0,,
ORD000476,GADGET-X,5,1095.05,,
ORD000477,WIDGET-A,1,350.19,,
ORD000478,MODULE-Z,1,363.61,,
ORD000479,SENSOR-T1,6,2310.78,,
ORD000480,MODULE-Z,7,2545.27,,
ORD000481,GADGET-X,4,876.04,,
ORD000482,BATTERY-AA,7,1903.23,,
ORD000483,PANEL-40W,3,392.19,,
ORD000484,GADGET-X,3,657.03,,
ORD000485,WIDGET-B,10,1290.0,,
ORD000486,CABLE-2M,10,4411.8,,
ORD000487,GIZMO-PRO,8,1602.88,,
ORD000488,PANEL-40W,3,392.19,,
ORD000489,GIZMO-PRO,8,1602.88,,
ORD000490,SENSOR-T1,8,3081.04,,
ORD000491,SENSOR-T1,1,385.13,,
ORD000492,ADAPTER-USB-C,5,756.5,,
ORD000493,BATTERY-AA,3,815.67,,
ORD000494,WIDGET-B,8,1032.0,,
ORD000495,MODULE-Z,10,3636.1,,
ORD000496,SENSOR-T1,7,2695.91,,
ORD000497,SENSOR-T1,8,3081.04,,
ORD000498,SENSOR-T1,4,1540.52,,
ORD000499,CABLE-2M,8,3529.44,,
ORD000500,WIDGET-B,4,516.0,,
ORD000501,CABLE-2M,10,4411.8,,
ORD000502,MODULE-Z,10,3636.1,,
ORD000503,SENSOR-T1,5,1925.65,,
ORD000504,WIDGET-A,7,2451.33,,
ORD000505,SENSOR-T1,1,385.13,,
ORD000506,PANEL-40W,1,130.73,,
ORD000507,PANEL-40W,8,1045.84,,
ORD000508,SENSOR-T1,4,1540.52,,
ORD000509,PANEL-40W,6,784.38,,
ORD000510,GIZMO-PRO,4,801.44,,
ORD000511,PANEL-40W,5,653.65,,
ORD000512,GADGET-X,2,438.02,order,
ORD000513,WIDGET-A,5,1750.95,,
ORD000514,ADAPTER-USB-C,1,151.3,,
ORD000515,PANEL-40W,6,784.38,,
ORD000516,GADGET-X,2,438.02,,
ORD000517,SENSOR-T1,6,2310.78,,
ORD000518,CABLE-2M,3,1323.54,,
ORD000519,GIZMO-PRO,3,601.08,,
ORD000520,BATTERY-AA,6,1631.34,,
ORD000521,BATTERY-AA,9,2447.01,,
ORD000522,SENSOR-T1,3,1155.39,,
ORD000523,SENSOR-T1,8,3081.04,,
ORD000524,SENSOR-T1,6,2310.78,,
ORD000525,WIDGET-B,8,1032.0,,
ORD000526,WIDGET-B,3,387.0,,
ORD000527,GIZMO-PRO,7,1402.52,,
ORD000528,BATTERY-AA,6,1631.34,,
ORD000529,WIDGET-B,7,903.0,,
ORD000530,WIDGET-A,5,1750.95,,
ORD000531,BATTERY-AA,2,543.78,,
ORD000532,ADAPTER-USB-C,6,907.8,,
ORD000533,SENSOR-T1,10,3851.3,,
ORD000534,CABLE-2M,6,2647.08,,
ORD000535,WIDGET-B,4,516.0,,
ORD000536,ADAPTER-USB-C,1,151.3,,
ORD000537,PANEL-40W,9,1176.57,,
ORD000538,MODULE-Z,10,3636.1,,
ORD000539,GIZMO-PRO,2,400.72,,
ORD000540,ADAPTER-USB-C,5,756.5,,
ORD000541,CABLE-2M,2,882.36,,
ORD000542,GADGET-X,1,219.01,,
ORD000543,WIDGET-A,5,1750.95,,
ORD000544,ADAPTER-USB-C,2,302.6,,
ORD000545,WIDGET-B,4,516.0,,
ORD000546,BATTERY-AA,3,815.67,,
ORD000547,CABLE-2M,8,3529.44,,
ORD000548,MODULE-Z,9,3272.49,,
ORD000549,CABLE-2M,10,4411.8,,
ORD000550,GADGET-X,7,1533.07,,
ORD000551,WIDGET-B,8,1032.0,,
ORD000552,PANEL-40W,7,915.11,,
ORD000553,SENSOR-T1,1,385.13,,
ORD000554,MODULE-Z,4,1454.44,,
ORD000555,ADAPTER-USB-C,8,1210.4,,
ORD000556,GIZMO-PRO,6,1202.16,,
ORD000557,WIDGET-B,6,774.0,,
ORD000558,BATTERY-AA,6,1631.34,,
ORD000559,WIDGET-A,7,2451.33,,
ORD000560,SENSOR-T1,4,1540.52,,
ORD000561,WIDGET-B,8,1032.0,,
ORD000562,WIDGET-B,4,516.0,,
ORD000563,PANEL-40W,1,130.73,,
ORD000564,WIDGET-A,6,2101.14,,
ORD000565,GIZMO-PRO,3,601.08,,
ORD000566,PANEL-40W,4,522.92,,
ORD000567,WIDGET-B,9,1161.0,inventory,order
ORD000568,GIZMO-PRO,10,2003.6,,
ORD000569,GIZMO-PRO,4,801.44,,
ORD000570,MODULE-Z,3,1090.83,,
ORD000571,PANEL-40W,1,130.73,,
ORD000572,SENSOR-T1,3,1155.39,order,inventory
ORD000573,GADGET-X,9,1971.09,,
ORD000574,SENSOR-T1,3,1155.39,,
ORD000575,WIDGET-B,1,129.0,,
ORD000576,GADGET-X,1,219.01,,
ORD000577,MODULE-Z,4,1454.44,,
ORD000578,PANEL-40W,6,784.38,,
ORD000579,WIDGET-A,3,1050.57,,
ORD000580,SENSOR-T1,1,385.13,,
ORD000581,GADGET-X,7,1533.07,,
ORD000582,BATTERY-AA,2,543.78,,
ORD000583,WIDGET-B,8,1032.0,,
ORD000584,ADAPTER-USB-C,6,907.8,,
ORD000585,BATTERY-AA,10,2718.9,,
ORD000586,WIDGET-B,8,1032.0,order,inventory
ORD000587,BATTERY-AA,4,1087.56,,
ORD000588,PANEL-40W,1,130.73,,
ORD000589,BATTERY-AA,5,1359.45,,
ORD000590,ADAPTER-USB-C,1,151.3,,
ORD000591,WIDGET-A,8,2801.52,,
ORD000592,CABLE-2M,7,3088.26,,
ORD000593,WIDGET-B,8,1032.0,,
ORD000594,ADAPTER-USB-C,2,302.6,,
ORD000595,WIDGET-B,6,774.0,,
ORD000596,PANEL-40W,3,392.19,,
ORD000597,WIDGET-B,3,387.0,,
ORD000598,SENSOR-T1,10,3851.3,,
ORD000599,PANEL-40W,9,1176.57,,
ORD000600,MODULE-Z,7,2545.27,,
ORD000601,PANEL-40W,9,1176.57,,
ORD000602,SENSOR-T1,8,3081.04,,
ORD000603,BATTERY-AA,10,2718.9,,
ORD000604,CABLE-2M,2,882.36,,
ORD000605,WIDGET-B,9,1161.0,,
ORD000606,GIZMO-PRO,7,1402.52,,
ORD000607,ADAPTER-USB-C,4,605.2,,
ORD000608,CABLE-2M,6,2647.08,,
ORD000609,ADAPTER-USB-C,7,1059.1,,
ORD000610,CABLE-2M,2,882.36,,
ORD000611,MODULE-Z,7,2545.27,,
ORD000612,MODULE-Z,5,1818.05,,
ORD000613,MODULE-Z,3,1090.83,,
ORD000614,ADAPTER-USB-C,2,302.6,,
ORD000615,WIDGET-B,2,258.0,,
ORD000616,WIDGET-B,7,903.0,,
ORD000617,WIDGET-B,6,774.0,,
ORD000618,GADGET-X,9,1971.09,,
ORD000619,WIDGET-A,10,3501.9,,
ORD000620,BATTERY-AA,9,2447.01,,
ORD000621,MODULE-Z,2,727.22,,
ORD000622,CABLE-2M,6,2647.08,,
ORD000623,CABLE-2M,1,441.18,,
ORD000624,SENSOR-T1,10,3851.3,,
ORD000625,SENSOR-T1,6,2310.78,,
ORD000626,WIDGET-B,10,1290.0,,
ORD000627,BATTERY-AA,4,1087.56,inventory,order
ORD000628,GADGET-X,8,1752.08,,
ORD000629,GIZMO-PRO,2,400.72,,
ORD000630,MODULE-Z,9,3272.49,,
ORD000631,MODULE-Z,2,727.22,,
ORD000632,SENSOR-T1,10,3851.3,,
ORD000633,GIZMO-PRO,7,1402.52,,
ORD000634,BATTERY-AA,10,2718.9,,
ORD000635,PANEL-40W,9,1176.57,,
ORD000636,WIDGET-A,10,3501.9,,
ORD000637,SENSOR-T1,1,385.13,order,
ORD000638,GADGET-X,5,1095.05,,
ORD000639,SENSOR-T1,6,2310.78,,
ORD000640,MODULE-Z,1,363.61,,
ORD000641,GADGET-X,3,657.03,,
ORD000642,PANEL-40W,7,915.11,,
ORD000643,WIDGET-B,3,387.0,,
ORD000644,WIDGET-A,2,700.38,,
ORD000645,BATTERY-AA,4,1087.56,,
ORD000646,CABLE-2M,7,3088.26,,
ORD000647,ADAPTER-USB-C,6,907.8,,
ORD000648,GADGET-X,6,1314.06,,
ORD000649,SENSOR-T1,6,2310.78,,
ORD000650,PANEL-40W,10,1307.3,,
ORD000651,WIDGET-B,1,129.0,,
ORD000652,GADGET-X,3,657.03,,
ORD000653,PANEL-40W,1,130.73,,
ORD000654,WIDGET-B,5,645.0,order,
ORD000655,ADAPTER-USB-C,7,1059.1,,
ORD000656,ADAPTER-USB-C,10,1513.0,,
ORD000657,ADAPTER-USB-C,7,1059.1,,
ORD000658,SENSOR-T1,4,1540.52,,
ORD000659,BATTERY-AA,2,543.78,,
ORD000660,MODULE-Z,7,2545.27,,
ORD000661,WIDGET-B,5,645.0,,
ORD000662,PANEL-40W,8,1045.84,,
ORD000663,BATTERY-AA,5,1359.45,,
ORD000664,WIDGET-A,4,1400.76,,
ORD000665,CABLE-2M,10,4411.8,,
ORD000666,WIDGET-A,1,350.19,,
ORD000667,GIZMO-PRO,5,1001.8,inventory,
ORD000668,GIZMO-PRO,3,601.08,,
ORD000669,SENSOR-T1,5,1925.65,,
ORD000670,MODULE-Z,2,727.22,inventory,
ORD000671,WIDGET-A,8,2801.52,,
ORD000672,CABLE-2M,3,1323.54,,
ORD000673,GADGET-X,7,1533.07,,
ORD000674,BATTERY-AA,4,1087.56,,
ORD000675,BATTERY-AA,9,2447.01,,
ORD000676,MODULE-Z,2,727.22,,
ORD000677,CABLE-2M,1,441.18,,
ORD000678,CABLE-2M,1,441.18,,
ORD000679,ADAPTER-USB-C,2,302.6,,
ORD000680,MODULE-Z,10,3636.1,,
ORD000681,CABLE-2M,10,4411.8,,
ORD000682,CABLE-2M,7,3088.26,,
ORD000683,SENSOR-T1,2,770.26,,
ORD000684,CABLE-2M,1,441.18,,
ORD000685,MODULE-Z,3,1090.83,,
ORD000686,PANEL-40W,8,1045.84,,
ORD000687,MODULE-Z,2,727.22,,
ORD000688,CABLE-2M,2,882.36,,
ORD000689,GIZMO-PRO,7,1402.52,,
ORD000690,PANEL-40W,7,915.11,,
ORD000691,BATTERY-AA,2,543.78,,
ORD000692,CABLE-2M,5,2205.9,,
ORD000693,MODULE-Z,4,1454.44,,
ORD000694,MODULE-Z,3,1090.83,,
ORD000695,WIDGET-B,9,1161.0,,
ORD000696,WIDGET-B,9,1161.0,,
ORD000697,BATTERY-AA,4,1087.56,,
ORD000698,MODULE-Z,6,2181.66,,
ORD000699,GADGET-X,4,876.04,,
ORD000700,WIDGET-B,3,387.0,,
ORD000701,SENSOR-T1,4,1540.52,inventory,
ORD000702,GADGET-X,10,2190.1,,
ORD000703,GADGET-X,2,438.02,,
ORD000704,GADGET-X,8,1752.08,,
ORD000705,ADAPTER-USB-C,10,1513.0,,
ORD000706,PANEL-40W,8,1045.84,,
ORD000707,PANEL-40W,10,1307.3,,
ORD000708,MODULE-Z,6,2181.66,,
ORD000709,GADGET-X,8,1752.08,,
ORD000710,WIDGET-B,8,1032.0,,
ORD000711,ADAPTER-USB-C,5,756.5,,
ORD000712,SENSOR-T1,10,3851.3,,
ORD000713,WIDGET-A,6,2101.14,,
ORD000714,BATTERY-AA,2,543.78,,
ORD000715,SENSOR-T1,8,3081.04,,
ORD000716,ADAPTER-USB-C,1,151.3,,
ORD000717,WIDGET-A,6,2101.14,,
ORD000718,SENSOR-T1,2,770.26,,
ORD000719,WIDGET-B,10,1290.0,,
ORD000720,PANEL-40W,9,1176.57,,
ORD000721,CABLE-2M,8,3529.44,,
ORD000722,PANEL-40W,9,1176.57,,
ORD000723,WIDGET-A,8,2801.52,,
ORD000724,PANEL-40W,4,522.92,,
ORD000725,MODULE-Z,10,3636.1,,
ORD000726,ADAPTER-USB-C,9,1361.7,,
ORD000727,GADGET-X,1,219.01,,
ORD000728,ADAPTER-USB-C,2,302.6,,
ORD000729,MODULE-Z,2,727.22,,
ORD000730,BATTERY-AA,3,815.67,,
ORD000731,WIDGET-A,4,1400.76,,
ORD000732,ADAPTER-USB-C,8,1210.4,,
ORD000733,BATTERY-AA,9,2447.01,,
ORD000734,PANEL-40W,3,392.19,,
ORD000735,MODULE-Z,6,2181.66,,
ORD000736,SENSOR-T1,7,2695.91,,
ORD000737,CABLE-2M,6,2647.08,,
ORD000738,PANEL-40W,1,130.73,,
ORD000739,MODULE-Z,2,727.22,,
ORD000740,MODULE-Z,2,727.22,,
ORD000741,BATTERY-AA,7,1903.23,,
ORD000742,SENSOR-T1,5,1925.65,,
ORD000743,PANEL-40W,3,392.19,,
ORD000744,MODULE-Z,2,727.22,,
ORD000745,PANEL-40W,3,392.19,,
ORD000746,MODULE-Z,5,1818.05,,
ORD000747,CABLE-2M,3,1323.54,,
ORD000748,PANEL-40W,2,261.46,,
ORD000749,SENSOR-T1,9,3466.17,,
ORD000750,CABLE-2M,6,2647.08,,
ORD000751,GADGET-X,9,1971.09,,
ORD000752,WIDGET-B,7,903.0,,
ORD000753,BATTERY-AA,6,1631.34,,
ORD000754,WIDGET-A,6,2101.14,,
ORD000755,SENSOR-T1,3,1155.39,,
ORD000756,GIZMO-PRO,6,1202.16,,
ORD000757,ADAPTER-USB-C,4,605.2,,
ORD000758,GIZMO-PRO,3,601.08,,
ORD000759,GADGET-X,2,438.02,,
ORD000760,SENSOR-T1,2,770.26,,
ORD000761,BATTERY-AA,9,2447.01,,
ORD000762,BATTERY-AA,1,271.89,,
ORD000763,MODULE-Z,10,3636.1,,
ORD000764,GADGET-X,10,2190.1,,
ORD000765,CABLE-2M,3,1323.54,,
ORD000766,GADGET-X,3,657.03,,
ORD000767,PANEL-40W,3,392.19,,
ORD000768,ADAPTER-USB-C,1,151.3,,
ORD000769,CABLE-2M,6,2647.08,,
ORD000770,GIZMO-PRO,8,1602.88,,
ORD000771,PANEL-40W,5,653.65,,
ORD000772,ADAPTER-USB-C,4,605.2,,
ORD000773,BATTERY-AA,4,1087.56,,
ORD000774,SENSOR-T1,8,3081.04,,
ORD000775,GIZMO-PRO,6,1202.16,,
ORD000776,PANEL-40W,8,1045.84,,
ORD000777,ADAPTER-USB-C,5,756.5,,
ORD000778,CABLE-2M,9,3970.62,,
ORD000779,BATTERY-AA,7,1903.23,,
ORD000780,GADGET-X,4,876.04,,
ORD000781,PANEL-40W,3,392.19,,
ORD000782,SENSOR-T1,1,385.13,,
ORD000783,ADAPTER-USB-C,6,907.8,,
ORD000784,BATTERY-AA,2,543.78,,
ORD000785,BATTERY-AA,2,543.78,,
ORD000786,SENSOR-T1,2,770.26,,
ORD000787,GADGET-X,5,1095.05,,
ORD000788,ADAPTER-USB-C,9,1361.7,order,
ORD000789,GADGET-X,7,1533.07,,
ORD000790,WIDGET-B,4,516.0,,
ORD000791,ADAPTER-USB-C,6,907.8,,
ORD000792,WIDGET-A,7,2451.33,,
ORD000793,WIDGET-A,7,2451.33,,
ORD000794,BATTERY-AA,6,1631.34,,
ORD000795,GIZMO-PRO,7,1402.52,,
ORD000796,WIDGET-B,6,774.0,,
ORD000797,GIZMO-PRO,1,200.36,,
ORD000798,MODULE-Z,2,727.22,,
ORD000799,MODULE-Z,3,1090.83,,
ORD000800,GADGET-X,1,219.01,,
ORD000801,SENSOR-T1,8,3081.04,,
ORD000802,GADGET-X,8,1752.08,,
ORD000803,ADAPTER-USB-C,10,1513.0,,
ORD000804,WIDGET-A,2,700.38,,
ORD000805,WIDGET-A,5,1750.95,,
ORD000806,GIZMO-PRO,3,601.08,,
ORD000807,BATTERY-AA,10,2718.9,,
ORD000808,BATTERY-AA,7,1903.23,,
ORD000809,WIDGET-B,5,645.0,,
ORD000810,GIZMO-PRO,5,1001.8,,
ORD000811,WIDGET-B,1,129.0,,
ORD000812,GIZMO-PRO,7,1402.52,,
ORD000813,PANEL-40W,8,1045.84,,
ORD000814,WIDGET-B,2,258.0,,
ORD000815,ADAPTER-USB-C,10,1513.0,order,
ORD000816,BATTERY-AA,1,271.89,,
ORD000817,BATTERY-AA,10,2718.9,,
ORD000818,GIZMO-PRO,3,601.08,,
ORD000819,SENSOR-T1,7,2695.91,,
ORD000820,WIDGET-A,10,3501.9,,
ORD000821,MODULE-Z,4,1454.44,,
ORD000822,PANEL-40W,7,915.11,,
ORD000823,GADGET-X,2,438.02,,
ORD000824,BATTERY-AA,6,1631.34,,
ORD000825,WIDGET-B,9,1161.0,,
ORD000826,BATTERY-AA,9,2447.01,,
ORD000827,BATTERY-AA,9,2447.01,,
ORD000828,WIDGET-A,7,2451.33,,
ORD000829,ADAPTER-USB-C,1,151.3,,
ORD000830,CABLE-2M,6,2647.08,,
ORD000831,SENSOR-T1,1,385.13,,
ORD000832,MODULE-Z,2,727.22,,
ORD000833,MODULE-Z,4,1454.44,,
ORD000834,WIDGET-B,10,1290.0,,
ORD000835,MODULE-Z,3,1090.83,,
ORD000836,WIDGET-A,6,2101.14,,
ORD000837,BATTERY-AA,6,1631.34,,
ORD000838,GADGET-X,8,1752.08,,
ORD000839,ADAPTER-USB-C,3,453.9,,
ORD000840,GADGET-X,2,438.02,,
ORD000841,ADAPTER-USB-C,1,151.3,,
ORD000842,SENSOR-T1,4,1540.52,,
ORD000843,WIDGET-A,4,1400.76,,
ORD000844,WIDGET-A,6,2101.14,,
ORD000845,SENSOR-T1,9,3466.17,,
ORD000846,CABLE-2M,9,3970.62,,
ORD000847,ADAPTER-USB-C,5,756.5,,
ORD000848,WIDGET-A,4,1400.76,,
ORD000849,SENSOR-T1,6,2310.78,,
ORD000850,WIDGET-A,6,2101.14,,
ORD000851,SENSOR-T1,2,770.26,,
ORD000852,MODULE-Z,7,2545.27,,
ORD000853,CABLE-2M,8,3529.44,,
ORD000854,CABLE-2M,6,2647.08,,
ORD000855,GADGET-X,8,1752.08,,
ORD000856,ADAPTER-USB-C,6,907.8,,
ORD000857,BATTERY-AA,5,1359.45,,
ORD000858,WIDGET-B,7,903.0,,
ORD000859,WIDGET-B,7,903.0,inventory,
ORD000860,PANEL-40W,3,392.19,,
ORD000861,BATTERY-AA,5,1359.45,,
ORD000862,MODULE-Z,2,727.22,,
ORD000863,WIDGET-B,6,774.0,,
ORD000864,SENSOR-T1,5,1925.65,,
ORD000865,ADAPTER-USB-C,10,1513.0,inventory,
ORD000866,CABLE-2M,3,1323.54,,
ORD000867,ADAPTER-USB-C,6,907.8,,
ORD000868,ADAPTER-USB-C,1,151.3,,
ORD000869,MODULE-Z,10,3636.1,,
ORD000870,CABLE-2M,5,2205.9,,
ORD000871,WIDGET-A,2,700.38,inventory,
ORD000872,CABLE-2M,6,2647.08,,
ORD000873,BATTERY-AA,3,815.67,,
ORD000874,WIDGET-A,3,1050.57,,
ORD000875,PANEL-40W,8,1045.84,,
ORD000876,WIDGET-A,3,1050.57,,
ORD000877,WIDGET-B,4,516.0,,
ORD000878,MODULE-Z,6,2181.66,,
ORD000879,CABLE-2M,10,4411.8,,
ORD000880,WIDGET-A,10,3501.9,,
ORD000881,GADGET-X,8,1752.08,,
ORD000882,MODULE-Z,6,2181.66,order,
ORD000883,ADAPTER-USB-C,2,302.6,,
ORD000884,PANEL-40W,3,392.19,,
ORD000885,BATTERY-AA,6,1631.34,,
ORD000886,CABLE-2M,6,2647.08,,
ORD000887,SENSOR-T1,4,1540.52,,
ORD000888,WIDGET-B,1,129.0,,
ORD000889,GADGET-X,8,1752.08,,
ORD000890,BATTERY-AA,7,1903.23,,
ORD000891,BATTERY-AA,2,543.78,,
ORD000892,SENSOR-T1,5,1925.65,,
ORD000893,ADAPTER-USB-C,4,605.2,,
ORD000894,PANEL-40W,5,653.65,,
ORD000895,ADAPTER-USB-C,4,605.2,,
ORD000896,WIDGET-B,3,387.0,order,
ORD000897,WIDGET-B,8,1032.0,,
ORD000898,GADGET-X,8,1752.08,,
ORD000899,WIDGET-B,6,774.0,inventory,order
ORD000900,MODULE-Z,2,727.22,inventory,
ORD000901,BATTERY-AA,9,2447.01,,
ORD000902,SENSOR-T1,5,1925.65,,
ORD000903,GADGET-X,3,657.03,order,
ORD000904,MODULE-Z,9,3272.49,,
ORD000905,GIZMO-PRO,2,400.72,,
ORD000906,GIZMO-PRO,3,601.08,,
ORD000907,GIZMO-PRO,8,1602.88,,
ORD000908,WIDGET-A,6,2101.14,,
ORD000909,BATTERY-AA,10,2718.9,,
ORD000910,MODULE-Z,8,2908.88,,
ORD000911,BATTERY-AA,3,815.67,,
ORD000912,PANEL-40W,2,261.46,,
ORD000913,WIDGET-B,5,645.0,,
ORD000914,CABLE-2M,8,3529.44,,
ORD000915,BATTERY-AA,7,1903.23,,
ORD000916,CABLE-2M,10,4411.8,,
ORD000917,WIDGET-B,3,387.0,,
ORD000918,MODULE-Z,2,727.22,,
ORD000919,ADAPTER-USB-C,8,1210.4,,
ORD000920,BATTERY-AA,6,1631.34,,
ORD000921,GADGET-X,9,1971.09,,
ORD000922,PANEL-40W,3,392.19,,
ORD000923,GADGET-X,7,1533.07,,
ORD000924,BATTERY-AA,1,271.89,,
ORD000925,WIDGET-B,9,1161.0,,
ORD000926,GADGET-X,5,1095.05,,
ORD000927,GADGET-X,3,657.03,,
ORD000928,MODULE-Z,4,1454.44,,
ORD000929,MODULE-Z,9,3272.49,,
ORD000930,SENSOR-T1,2,770.26,,
ORD000931,SENSOR-T1,4,1540.52,,
ORD000932,BATTERY-AA,5,1359.45,,
ORD000933,GADGET-X,5,1095.05,,
ORD000934,PANEL-40W,9,1176.57,inventory,
ORD000935,WIDGET-B,9,1161.0,,
ORD000936,GADGET-X,10,2190.1,,
ORD000937,PANEL-40W,3,392.19,,
ORD000938,GADGET-X,10,2190.1,,
ORD000939,PANEL-40W,6,784.38,inventory,
ORD000940,PANEL-40W,1,130.73,,
ORD000941,WIDGET-A,2,700.38,,
ORD000942,WIDGET-A,10,3501.9,,
ORD000943,SENSOR-T1,4,1540.52,,
ORD000944,PANEL-40W,7,915.11,,
ORD000945,PANEL-40W,1,130.73,,
ORD000946,ADAPTER-USB-C,9,1361.7,,
ORD000947,SENSOR-T1,5,1925.65,,
ORD000948,ADAPTER-USB-C,4,605.2,,
ORD000949,CABLE-2M,5,2205.9,,
ORD000950,ADAPTER-USB-C,2,302.6,,
ORD000951,WIDGET-A,3,1050.57,,
ORD000952,ADAPTER-USB-C,7,1059.1,,
ORD000953,ADAPTER-USB-C,8,1210.4,order,
ORD000954,GIZMO-PRO,6,1202.16,inventory,
ORD000955,PANEL-40W,3,392.19,,
ORD000956,MODULE-Z,6,2181.66,,
ORD000957,MODULE-Z,7,2545.27,,
ORD000958,GADGET-X,6,1314.06,,
ORD000959,BATTERY-AA,9,2447.01,,
ORD000960,WIDGET-B,6,774.0,,
ORD000961,GIZMO-PRO,8,1602.88,,
ORD000962,WIDGET-B,5,645.0,,
ORD000963,ADAPTER-USB-C,4,605.2,,
ORD000964,GADGET-X,2,438.02,,
ORD000965,WIDGET-A,5,1750.95,,
ORD000966,CABLE-2M,10,4411.8,,
ORD000967,CABLE-2M,4,1764.72,,
ORD000968,GADGET-X,6,1314.06,,
ORD000969,PANEL-40W,6,784.38,,
ORD000970,GIZMO-PRO,3,601.08,,
ORD000971,ADAPTER-USB-C,9,1361.7,,
ORD000972,ADAPTER-USB-C,8,1210.4,,
ORD000973,SENSOR-T1,8,3081.04,,
ORD000974,WIDGET-A,2,700.38,,
ORD000975,CABLE-2M,9,3970.62,,
ORD000976,ADAPTER-USB-C,4,605.2,,
ORD000977,GIZMO-PRO,10,2003.6,,
ORD000978,MODULE-Z,1,363.61,,
ORD000979,WIDGET-A,5,1750.95,,
ORD000980,ADAPTER-USB-C,10,1513.0,,
ORD000981,ADAPTER-USB-C,5,756.5,,
ORD000982,BATTERY-AA,1,271.89,,
ORD000983,WIDGET-B,7,903.0,,
ORD000984,GADGET-X,5,1095.05,,
ORD000985,MODULE-Z,7,2545.27,,
ORD000986,MODULE-Z,1,363.61,,
ORD000987,CABLE-2M,1,441.18,,
ORD000988,PANEL-40W,9,1176.57,,
ORD000989,GIZMO-PRO,6,1202.16,,
ORD000990,BATTERY-AA,5,1359.45,,
ORD000991,WIDGET-B,7,903.0,,
ORD000992,BATTERY-AA,8,2175.12,,
ORD000993,BATTERY-AA,5,1359.45,,
ORD000994,PANEL-40W,10,1307.3,,
ORD000995,WIDGET-B,3,387.0,,
ORD000996,WIDGET-B,7,903.0,,
ORD000997,MODULE-Z,6,2181.66,,
ORD000998,BATTERY-AA,6,1631.34,,
ORD000999,GADGET-X,4,876.04,,
ORD001000,PANEL-40W,9,1176.57,,
ORD001001,CABLE-2M,9,3970.62,,
ORD001002,WIDGET-A,1,350.19,,
ORD001003,WIDGET-A,3,1050.57,inventory,
ORD001004,MODULE-Z,8,2908.88,,
ORD001005,BATTERY-AA,8,2175.12,,
ORD001006,GADGET-X,10,2190.1,,
ORD001007,BATTERY-AA,3,815.67,,
ORD001008,MODULE-Z,10,3636.1,,
ORD001009,MODULE-Z,3,1090.83,,
ORD001010,CABLE-2M,10,4411.8,,
ORD001011,SENSOR-T1,10,3851.3,order,inventory
ORD001012,MODULE-Z,9,3272.49,,
ORD001013,BATTERY-AA,9,2447.01,,
ORD001014,ADAPTER-USB-C,10,1513.0,,
ORD001015,SENSOR-T1,8,3081.04,,
ORD001016,WIDGET-A,6,2101.14,,
ORD001017,MODULE-Z,2,727.22,,
ORD001018,CABLE-2M,10,4411.8,,
ORD001019,SENSOR-T1,1,385.13,,
ORD001020,PANEL-40W,8,1045.84,,
ORD001021,SENSOR-T1,10,3851.3,,
ORD001022,PANEL-40W,4,522.92,,
ORD001023,WIDGET-A,10,3501.9,,
ORD001024,ADAPTER-USB-C,3,453.9,,
ORD001025,BATTERY-AA,10,2718.9,,
ORD001026,CABLE-2M,3,1323.54,,
ORD001027,GIZMO-PRO,1,200.36,,
ORD001028,PANEL-40W,2,261.46,,
ORD001029,GIZMO-PRO,1,200.36,,
ORD001030,ADAPTER-USB-C,6,907.8,,
ORD001031,CABLE-2M,3,1323.54,,
ORD001032,CABLE-2M,4,1764.72,,
ORD001033,CABLE-2M,9,3970.62,,
ORD001034,PANEL-40W,8,1045.84,,
ORD001035,WIDGET-A,3,1050.57,,
ORD001036,BATTERY-AA,4,1087.56,,
ORD001037,BATTERY-AA,6,1631.34,,
ORD001038,ADAPTER-USB-C,9,1361.7,,
ORD001039,CABLE-2M,6,2647.08,,
ORD001040,GADGET-X,8,1752.08,,
ORD001041,BATTERY-AA,6,1631.34,,
ORD001042,BATTERY-AA,6,1631.34,,
ORD001043,SENSOR-T1,10,3851.3,,
ORD001044,ADAPTER-USB-C,4,605.2,,
ORD001045,GIZMO-PRO,5,1001.8,,
ORD001046,BATTERY-AA,5,1359.45,,
ORD001047,GIZMO-PRO,5,1001.8,,
ORD001048,SENSOR-T1,4,1540.52,,
ORD001049,ADAPTER-USB-C,6,907.8,,
ORD001050,ADAPTER-USB-C,6,907.8,,
ORD001051,BATTERY-AA,5,1359.45,,
ORD001052,SENSOR-T1,2,770.26,,
ORD001053,PANEL-40W,9,1176.57,,
ORD001054,CABLE-2M,7,3088.26,,
ORD001055,MODULE-Z,3,1090.83,,
ORD001056,SENSOR-T1,1,385.13,,
ORD001057,SENSOR-T1,2,770.26,,
ORD001058,MODULE-Z,8,2908.88,,
ORD001059,SENSOR-T1,8,3081.04,,
ORD001060,GIZMO-PRO,4,801.44,,
ORD001061,BATTERY-AA,5,1359.45,,
ORD001062,BATTERY-AA,5,1359.45,,
ORD001063,GADGET-X,2,438.02,,
ORD001064,PANEL-40W,10,1307.3,,
ORD001065,GIZMO-PRO,4,801.44,,
ORD001066,WIDGET-A,9,3151.71,,
ORD001067,GIZMO-PRO,4,801.44,,
ORD001068,WIDGET-A,2,700.38,,
ORD001069,CABLE-2M,6,2647.08,,
ORD001070,ADAPTER-USB-C,2,302.6,,
ORD001071,GADGET-X,1,219.01,,
ORD001072,BATTERY-AA,3,815.67,,
ORD001073,CABLE-2M,8,3529.44,,
ORD001074,ADAPTER-USB-C,4,605.2,,
ORD001075,SENSOR-T1,6,2310.78,,
ORD001076,SENSOR-T1,1,385.13,,
ORD001077,WIDGET-B,10,1290.0,order,inventory
ORD001078,GIZMO-PRO,9,1803.24,,
ORD001079,WIDGET-A,3,1050.57,,
ORD001080,CABLE-2M,3,1323.54,,
ORD001081,WIDGET-A,7,2451.33,,
ORD001082,ADAPTER-USB-C,3,453.9,,
ORD001083,SENSOR-T1,1,385.13,,
ORD001084,WIDGET-A,5,1750.95,order,
ORD001085,PANEL-40W,10,1307.3,order,inventory
ORD001086,WIDGET-B,6,774.0,,
ORD001087,SENSOR-T1,8,3081.04,,
ORD001088,BATTERY-AA,9,2447.01,,
ORD001089,ADAPTER-USB-C,3,453.9,,
ORD001090,BATTERY-AA,8,2175.12,,
ORD001091,SENSOR-T1,4,1540.52,,
ORD001092,WIDGET-B,6,774.0,,
ORD001093,GADGET-X,8,1752.08,,
ORD001094,SENSOR-T1,3,1155.39,inventory,
ORD001095,WIDGET-A,6,2101.14,,
ORD001096,SENSOR-T1,10,3851.3,,
ORD001097,GIZMO-PRO,3,601.08,inventory,
ORD001098,PANEL-40W,7,915.11,,
ORD001099,CABLE-2M,9,3970.62,,
ORD001100,MODULE-Z,2,727.22,,
ORD001101,CABLE-2M,2,882.36,,
ORD001102,GADGET-X,3,657.03,,
ORD001103,ADAPTER-USB-C,6,907.8,,
ORD001104,GIZMO-PRO,1,200.36,,
ORD001105,SENSOR-T1,7,2695.91,,
ORD001106,GIZMO-PRO,8,1602.88,inventory,
ORD001107,SENSOR-T1,6,2310.78,,
ORD001108,SENSOR-T1,10,3851.3,,
ORD001109,PANEL-40W,1,130.73,,
ORD001110,SENSOR-T1,6,2310.78,,
ORD001111,GIZMO-PRO,1,200.36,,
ORD001112,WIDGET-B,8,1032.0,,
ORD001113,SENSOR-T1,3,1155.39,,
ORD001114,CABLE-2M,9,3970.62,,
ORD001115,SENSOR-T1,2,770.26,,
ORD001116,SENSOR-T1,6,2310.78,,
ORD001117,PANEL-40W,4,522.92,,
ORD001118,GIZMO-PRO,3,601.08,,
ORD001119,ADAPTER-USB-C,3,453.9,,
ORD001120,ADAPTER-USB-C,10,1513.0,,
ORD001121,MODULE-Z,7,2545.27,,
ORD001122,BATTERY-AA,8,2175.12,,
ORD001123,BATTERY-AA,4,1087.56,,
ORD001124,GIZMO-PRO,10,2003.6,,
ORD001125,WIDGET-B,9,1161.0,,
ORD001126,ADAPTER-USB-C,9,1361.7,,
ORD001127,MODULE-Z,2,727.22,,
ORD001128,PANEL-40W,2,261.46,,
ORD001129,WIDGET-A,9,3151.71,,
ORD001130,BATTERY-AA,4,1087.56,,
ORD001131,PANEL-40W,9,1176.57,,
ORD001132,GADGET-X,3,657.03,,
ORD001133,MODULE-Z,9,3272.49,,
ORD001134,ADAPTER-USB-C,2,302.6,,
ORD001135,GIZMO-PRO,10,2003.6,,
ORD001136,ADAPTER-USB-C,2,302.6,,
ORD001137,BATTERY-AA,8,2175.12,,
ORD001138,WIDGET-A,8,2801.52,,
ORD001139,GADGET-X,9,1971.09,order,
ORD001140,CABLE-2M,8,3529.44,order,
ORD001141,PANEL-40W,1,130.73,,
ORD001142,BATTERY-AA,8,2175.12,,
ORD001143,SENSOR-T1,1,385.13,,
ORD001144,CABLE-2M,5,2205.9,,
ORD001145,WIDGET-A,4,1400.76,,
ORD001146,PANEL-40W,2,261.46,,
ORD001147,WIDGET-A,7,2451.33,,
ORD001148,MODULE-Z,2,727.22,,
ORD001149,BATTERY-AA,1,271.89,,
ORD001150,WIDGET-B,8,1032.0,,
ORD001151,WIDGET-A,5,1750.95,,
ORD001152,CABLE-2M,3,1323.54,,
ORD001153,GADGET-X,7,1533.07,,
ORD001154,MODULE-Z,7,2545.27,,
ORD001155,ADAPTER-USB-C,7,1059.1,,
ORD001156,CABLE-2M,2,882.36,,
ORD001157,BATTERY-AA,3,815.67,,
ORD001158,MODULE-Z,2,727.22,,
ORD001159,GADGET-X,9,1971.09,,
ORD001160,CABLE-2M,9,3970.62,,
ORD001161,GADGET-X,4,876.04,,
ORD001162,WIDGET-A,1,350.19,,
ORD001163,SENSOR-T1,8,3081.04,,
ORD001164,BATTERY-AA,7,1903.23,,
ORD001165,BATTERY-AA,7,1903.23,,
ORD001166,GIZMO-PRO,4,801.44,,
ORD001167,ADAPTER-USB-C,6,907.8,,
ORD001168,GADGET-X,5,1095.05,,
ORD001169,GIZMO-PRO,2,400.72,,
ORD001170,WIDGET-A,7,2451.33,,
ORD001171,PANEL-40W,1,130.73,,
ORD001172,GIZMO-PRO,4,801.44,,
ORD001173,WIDGET-B,2,258.0,,
ORD001174,PANEL-40W,1,130.73,,
ORD001175,ADAPTER-USB-C,10,1513.0,,
ORD001176,WIDGET-A,4,1400.76,,
ORD001177,WIDGET-A,7,2451.33,,
ORD001178,ADAPTER-USB-C,4,605.2,,
ORD001179,BATTERY-AA,4,1087.56,,
ORD001180,WIDGET-A,3,1050.57,,
ORD001181,BATTERY-AA,5,1359.45,,
ORD001182,GIZMO-PRO,10,2003.6,,
ORD001183,MODULE-Z,10,3636.1,,
ORD001184,PANEL-40W,6,784.38,,
ORD001185,GIZMO-PRO,5,1001.8,,
ORD001186,GADGET-X,9,1971.09,inventory,
ORD001187,GIZMO-PRO,7,1402.52,,
ORD001188,SENSOR-T1,5,1925.65,,
ORD001189,WIDGET-A,9,3151.71,,
ORD001190,PANEL-40W,3,392.19,,
ORD001191,CABLE-2M,9,3970.62,,
ORD001192,ADAPTER-USB-C,1,151.3,,
ORD001193,MODULE-Z,7,2545.27,,
ORD001194,BATTERY-AA,6,1631.34,,
ORD001195,CABLE-2M,7,3088.26,,
ORD001196,GADGET-X,5,1095.05,,
ORD001197,CABLE-2M,3,1323.54,,
ORD001198,BATTERY-AA,8,2175.12,,
ORD001199,GIZMO-PRO,4,801.44,,
ORD001200,SENSOR-T1,3,1155.39,,
ORD001201,ADAPTER-USB-C,1,151.3,order,
ORD001202,BATTERY-AA,7,1903.23,,
ORD001203,CABLE-2M,9,3970.62,,
ORD001204,BATTERY-AA,3,815.67,,
ORD001205,CABLE-2M,4,1764.72,,
ORD001206,SENSOR-T1,4,1540.52,,
ORD001207,MODULE-Z,2,727.22,,
ORD001208,ADAPTER-USB-C,6,907.8,,
ORD001209,WIDGET-B,9,1161.0,,
ORD001210,GIZMO-PRO,1,200.36,,
ORD001211,SENSOR-T1,7,2695.91,,
ORD001212,PANEL-40W,10,1307.3,,
ORD001213,WIDGET-A,2,700.38,,
ORD001214,GIZMO-PRO,10,2003.6,,
ORD001215,BATTERY-AA,4,1087.56,,
ORD001216,ADAPTER-USB-C,4,605.2,,
ORD001217,MODULE-Z,5,1818.05,,
ORD001218,WIDGET-A,4,1400.76,,
ORD001219,GIZMO-PRO,2,400.72,,
ORD001220,ADAPTER-USB-C,4,605.2,,
ORD001221,PANEL-40W,4,522.92,,
ORD001222,CABLE-2M,4,1764.72,,
ORD001223,BATTERY-AA,6,1631.34,,
ORD001224,SENSOR-T1,7,2695.91,,
ORD001225,ADAPTER-USB-C,9,1361.7,,
ORD001226,MODULE-Z,5,1818.05,,
ORD001227,SENSOR-T1,6,2310.78,,
ORD001228,BATTERY-AA,8,2175.12,,
ORD001229,ADAPTER-USB-C,2,302.6,,
ORD001230,ADAPTER-USB-C,6,907.8,,
ORD001231,GIZMO-PRO,6,1202.16,,
ORD001232,MODULE-Z,7,2545.27,,
ORD001233,WIDGET-A,10,3501.9,,
ORD001234,GIZMO-PRO,3,601.08,,
ORD001235,WIDGET-A,5,1750.95,,
ORD001236,BATTERY-AA,10,2718.9,,
ORD001237,PANEL-40W,7,915.11,,
ORD001238,SENSOR-T1,3,1155.39,,
ORD001239,GIZMO-PRO,6,1202.16,,
ORD001240,GIZMO-PRO,7,1402.52,,
ORD001241,PANEL-40W,4,522.92,,
ORD001242,ADAPTER-USB-C,9,1361.7,,
ORD001243,MODULE-Z,5,1818.05,,
ORD001244,ADAPTER-USB-C,8,1210.4,,
ORD001245,ADAPTER-USB-C,3,453.9,,
ORD001246,MODULE-Z,3,1090.83,,
ORD001247,GADGET-X,9,1971.09,,
ORD001248,ADAPTER-USB-C,3,453.9,,
ORD001249,BATTERY-AA,1,271.89,,
ORD001250,BATTERY-AA,1,271.89,,
ORD001251,WIDGET-B,1,129.0,,
ORD001252,WIDGET-A,7,2451.33,,
ORD001253,GADGET-X,4,876.04,,
ORD001254,WIDGET-B,3,387.0,,
ORD001255,WIDGET-A,4,1400.76,,
ORD001256,BATTERY-AA,8,2175.12,,
ORD001257,MODULE-Z,1,363.61,,
ORD001258,PANEL-40W,10,1307.3,,
ORD001259,ADAPTER-USB-C,8,1210.4,,
ORD001260,WIDGET-A,1,350.19,,
ORD001261,BATTERY-AA,9,2447.01,,
ORD001262,CABLE-2M,1,441.18,,
ORD001263,WIDGET-A,9,3151.71,,
ORD001264,SENSOR-T1,9,3466.17,,
ORD001265,SENSOR-T1,1,385.13,,
ORD001266,BATTERY-AA,7,1903.23,,
ORD001267,GADGET-X,2,438.02,,
ORD001268,WIDGET-B,9,1161.0,,
ORD001269,GADGET-X,4,876.04,,
ORD001270,GIZMO-PRO,10,2003.6,,
ORD001271,BATTERY-AA,5,1359.45,,
ORD001272,MODULE-Z,5,1818.05,,
ORD001273,CABLE-2M,2,882.36,,
ORD001274,MODULE-Z,7,2545.27,,
ORD001275,ADAPTER-USB-C,10,1513.0,,
ORD001276,GIZMO-PRO,4,801.44,,
ORD001277,SENSOR-T1,2,770.26,,
ORD001278,WIDGET-A,2,700.38,,
ORD001279,CABLE-2M,7,3088.26,,
ORD001280,CABLE-2M,9,3970.62,,
ORD001281,ADAPTER-USB-C,1,151.3,,
ORD001282,WIDGET-A,3,1050.57,,
ORD001283,WIDGET-B,8,1032.0,,
ORD001284,CABLE-2M,6,2647.08,,
ORD001285,PANEL-40W,2,261.46,,
ORD001286,BATTERY-AA,1,271.89,,
ORD001287,GIZMO-PRO,4,801.44,,
ORD001288,PANEL-40W,8,1045.84,,
ORD001289,SENSOR-T1,1,385.13,inventory,
ORD001290,WIDGET-B,5,645.0,,
ORD001291,BATTERY-AA,10,2718.9,,
ORD001292,WIDGET-A,3,1050.57,,
ORD001293,MODULE-Z,1,363.61,inventory,
ORD001294,GIZMO-PRO,10,2003.6,,
ORD001295,GADGET-X,7,1533.07,,
ORD001296,WIDGET-B,5,645.0,,
ORD001297,GADGET-X,10,2190.1,,
ORD001298,GIZMO-PRO,10,2003.6,,
ORD001299,CABLE-2M,9,3970.62,,
ORD001300,MODULE-Z,7,2545.27,,
ORD001301,GADGET-X,2,438.02,,
ORD001302,BATTERY-AA,6,1631.34,,
ORD001303,WIDGET-A,2,700.38,,
ORD001304,CABLE-2M,4,1764.72,,
ORD001305,WIDGET-B,6,774.0,,
ORD001306,PANEL-40W,10,1307.3,,
ORD001307,PANEL-40W,7,915.11,,
ORD001308,MODULE-Z,1,363.61,,
ORD001309,SENSOR-T1,8,3081.04,,
ORD001310,ADAPTER-USB-C,4,605.2,,
ORD001311,MODULE-Z,9,3272.49,,
ORD001312,CABLE-2M,7,3088.26,,
ORD001313,GADGET-X,10,2190.1,,
ORD001314,CABLE-2M,2,882.36,,
ORD001315,PANEL-40W,5,653.65,,
ORD001316,GIZMO-PRO,2,400.72,,
ORD001317,WIDGET-B,5,645.0,,
ORD001318,GADGET-X,7,1533.07,,
ORD001319,GADGET-X,7,1533.07,,
ORD001320,MODULE-Z,6,2181.66,,
ORD001321,WIDGET-B,2,258.0,,
ORD001322,WIDGET-A,5,1750.95,,
ORD001323,ADAPTER-USB-C,6,907.8,,
ORD001324,SENSOR-T1,2,770.26,,
ORD001325,GADGET-X,2,438.02,,
ORD001326,GADGET-X,7,1533.07,,
ORD001327,ADAPTER-USB-C,9,1361.7,,
ORD001328,BATTERY-AA,9,2447.01,,
ORD001329,CABLE-2M,2,882.36,inventory,
ORD001330,WIDGET-A,2,700.38,,
ORD001331,MODULE-Z,9,3272.49,,
ORD001332,WIDGET-B,10,1290.0,,
ORD001333,PANEL-40W,6,784.38,,
ORD001334,CABLE-2M,1,441.18,,
ORD001335,SENSOR-T1,7,2695.91,,
ORD001336,CABLE-2M,2,882.36,,
ORD001337,BATTERY-AA,4,1087.56,,
ORD001338,PANEL-40W,9,1176.57,,
ORD001339,GADGET-X,7,1533.07,,
ORD001340,GADGET-X,3,657.03,,
ORD001341,SENSOR-T1,5,1925.65,,
ORD001342,SENSOR-T1,8,3081.04,,
ORD001343,GADGET-X,2,438.02,,
ORD001344,GADGET-X,7,1533.07,,
ORD001345,SENSOR-T1,7,2695.91,,
ORD001346,SENSOR-T1,8,3081.04,,
ORD001347,WIDGET-B,6,774.0,,
ORD001348,SENSOR-T1,4,1540.52,,
ORD001349,ADAPTER-USB-C,10,1513.0,,
ORD001350,PANEL-40W,4,522.92,,
ORD001351,ADAPTER-USB-C,2,302.6,,
ORD001352,GADGET-X,5,1095.05,,
ORD001353,WIDGET-A,7,2451.33,,
ORD001354,MODULE-Z,10,3636.1,,
ORD001355,CABLE-2M,6,2647.08,,
ORD001356,ADAPTER-USB-C,6,907.8,,
ORD001357,CABLE-2M,10,4411.8,,
ORD001358,GADGET-X,5,1095.05,,
ORD001359,MODULE-Z,10,3636.1,,
ORD001360,GIZMO-PRO,8,1602.88,,
ORD001361,MODULE-Z,3,1090.83,,
ORD001362,CABLE-2M,6,2647.08,,
ORD001363,SENSOR-T1,8,3081.04,,
ORD001364,PANEL-40W,4,522.92,,
ORD001365,MODULE-Z,7,2545.27,,
ORD001366,SENSOR-T1,7,2695.91,,
ORD001367,MODULE-Z,2,727.22,,
ORD001368,PANEL-40W,4,522.92,,
ORD001369,PANEL-40W,9,1176.57,,
ORD001370,GADGET-X,9,1971.09,,
ORD001371,WIDGET-A,8,2801.52,,
ORD001372,GIZMO-PRO,8,1602.88,,
ORD001373,SENSOR-T1,2,770.26,,
ORD001374,CABLE-2M,8,3529.44,,
ORD001375,GADGET-X,5,1095.05,,
ORD001376,GIZMO-PRO,5,1001.8,,
ORD001377,GADGET-X,7,1533.07,,
ORD001378,CABLE-2M,2,882.36,,
ORD001379,ADAPTER-USB-C,10,1513.0,order,
ORD001380,ADAPTER-USB-C,10,1513.0,,
ORD001381,CABLE-2M,9,3970.62,,
ORD001382,BATTERY-AA,7,1903.23,,
ORD001383,BATTERY-AA,1,271.89,,
ORD001384,MODULE-Z,9,3272.49,,
ORD001385,PANEL-40W,2,261.46,,
ORD001386,WIDGET-B,4,516.0,,
ORD001387,MODULE-Z,3,1090.83,,
ORD001388,PANEL-40W,1,130.73,,
ORD001389,PANEL-40W,7,915.11,,
ORD001390,MODULE-Z,7,2545.27,,
ORD001391,WIDGET-B,1,129.0,,
ORD001392,WIDGET-B,5,645.0,,
ORD001393,GIZMO-PRO,9,1803.24,,
ORD001394,BATTERY-AA,9,2447.01,order,
ORD001395,PANEL-40W,10,1307.3,,
ORD001396,GIZMO-PRO,8,1602.88,,
ORD001397,MODULE-Z,7,2545.27,,
ORD001398,ADAPTER-USB-C,10,1513.0,,
ORD001399,BATTERY-AA,3,815.67,,
ORD001400,MODULE-Z,1,363.61,,
ORD001401,ADAPTER-USB-C,2,302.6,,
ORD001402,SENSOR-T1,7,2695.91,,
ORD001403,WIDGET-B,2,258.0,,
ORD001404,GADGET-X,6,1314.06,,
ORD001405,SENSOR-T1,6,2310.78,,
ORD001406,ADAPTER-USB-C,4,605.2,,
ORD001407,BATTERY-AA,8,2175.12,,
ORD001408,MODULE-Z,8,2908.88,,
ORD001409,WIDGET-B,8,1032.0,order,
ORD001410,ADAPTER-USB-C,6,907.8,,
ORD001411,WIDGET-B,5,645.0,,
ORD001412,WIDGET-A,2,700.38,,
ORD001413,WIDGET-A,6,2101.14,,
ORD001414,WIDGET-B,3,387.0,,
ORD001415,GIZMO-PRO,9,1803.24,,
ORD001416,GADGET-X,9,1971.09,,
ORD001417,GADGET-X,6,1314.06,,
ORD001418,BATTERY-AA,7,1903.23,,
ORD001419,ADAPTER-USB-C,4,605.2,,
ORD001420,CABLE-2M,3,1323.54,,
ORD001421,GADGET-X,7,1533.07,,
ORD001422,CABLE-2M,1,441.18,,
ORD001423,PANEL-40W,4,522.92,,
ORD001424,ADAPTER-USB-C,10,1513.0,,
ORD001425,CABLE-2M,7,3088.26,,
ORD001426,WIDGET-A,4,1400.76,,
ORD001427,GIZMO-PRO,5,1001.8,,
ORD001428,WIDGET-B,10,1290.0,,
ORD001429,WIDGET-B,9,1161.0,,
ORD001430,GADGET-X,6,1314.06,,
ORD001431,MODULE-Z,4,1454.44,,
ORD001432,ADAPTER-USB-C,2,302.6,,
ORD001433,SENSOR-T1,8,3081.04,,
ORD001434,BATTERY-AA,6,1631.34,,
ORD001435,PANEL-40W,7,915.11,,
ORD001436,PANEL-40W,7,915.11,,
ORD001437,PANEL-40W,2,261.46,,
ORD001438,MODULE-Z,6,2181.66,,
ORD001439,ADAPTER-USB-C,10,1513.0,,
ORD001440,GADGET-X,5,1095.05,,
ORD001441,PANEL-40W,10,1307.3,,
ORD001442,WIDGET-B,3,387.0,,
ORD001443,MODULE-Z,2,727.22,,
ORD001444,GIZMO-PRO,5,1001.8,,
ORD001445,WIDGET-B,3,387.0,,
ORD001446,MODULE-Z,3,1090.83,,
ORD001447,BATTERY-AA,7,1903.23,,
ORD001448,CABLE-2M,10,4411.8,,
ORD001449,GADGET-X,10,2190.1,,
ORD001450,CABLE-2M,7,3088.26,,
ORD001451,GADGET-X,8,1752.08,,
ORD001452,BATTERY-AA,3,815.67,,
ORD001453,BATTERY-AA,3,815.67,,
ORD001454,ADAPTER-USB-C,5,756.5,,
ORD001455,GADGET-X,3,657.03,,
ORD001456,MODULE-Z,8,2908.88,inventory,
ORD001457,PANEL-40W,1,130.73,,
ORD001458,MODULE-Z,1,363.61,,
ORD001459,ADAPTER-USB-C,3,453.9,,
ORD001460,GIZMO-PRO,7,1402.52,,
ORD001461,BATTERY-AA,9,2447.01,,
ORD001462,ADAPTER-USB-C,7,1059.1,,
ORD001463,ADAPTER-USB-C,7,1059.1,,
ORD001464,ADAPTER-USB-C,8,1210.4,,
ORD001465,GADGET-X,2,438.02,,
ORD001466,PANEL-40W,1,130.73,,
ORD001467,GIZMO-PRO,5,1001.8,,
ORD001468,WIDGET-A,5,1750.95,,
ORD001469,GIZMO-PRO,9,1803.24,,
ORD001470,SENSOR-T1,3,1155.39,,
ORD001471,ADAPTER-USB-C,10,1513.0,order,
ORD001472,ADAPTER-USB-C,9,1361.7,,
ORD001473,BATTERY-AA,2,543.78,,
ORD001474,PANEL-40W,2,261.46,,
ORD001475,SENSOR-T1,9,3466.17,,
ORD001476,MODULE-Z,9,3272.49,,
ORD001477,WIDGET-A,8,2801.52,,
ORD001478,BATTERY-AA,4,1087.56,,
ORD001479,CABLE-2M,2,882.36,,
ORD001480,GIZMO-PRO,5,1001.8,,
ORD001481,WIDGET-A,8,2801.52,,
ORD001482,SENSOR-T1,6,2310.78,order,
ORD001483,WIDGET-B,8,1032.0,inventory,order
ORD001484,WIDGET-B,4,516.0,,
ORD001485,GIZMO-PRO,10,2003.6,,
ORD001486,MODULE-Z,10,3636.1,,
ORD001487,CABLE-2M,3,1323.54,,
ORD001488,PANEL-40W,3,392.19,,
ORD001489,GIZMO-PRO,4,801.44,,
ORD001490,WIDGET-A,10,3501.9,,
ORD001491,MODULE-Z,9,3272.49,,
ORD001492,SENSOR-T1,10,3851.3,,
ORD001493,BATTERY-AA,3,815.67,,
ORD001494,MODULE-Z,5,1818.05,,
ORD001495,SENSOR-T1,10,3851.3,inventory,
ORD001496,SENSOR-T1,9,3466.17,,
ORD001497,WIDGET-B,3,387.0,,
ORD001498,CABLE-2M,1,441.18,,
ORD001499,SENSOR-T1,3,1155.39,,
ORD001500,GADGET-X,4,876.04,,
ORD001501,GADGET-X,6,1314.06,,
ORD001502,GIZMO-PRO,7,1402.52,,
ORD001503,ADAPTER-USB-C,3,453.9,,
ORD001504,PANEL-40W,5,653.65,,
ORD001505,CABLE-2M,7,3088.26,,
ORD001506,ADAPTER-USB-C,2,302.6,,
ORD001507,WIDGET-B,7,903.0,,
ORD001508,BATTERY-AA,5,1359.45,,
ORD001509,MODULE-Z,8,2908.88,,
ORD001510,ADAPTER-USB-C,6,907.8,,
ORD001511,PANEL-40W,1,130.73,,
ORD001512,WIDGET-B,8,1032.0,,
ORD001513,MODULE-Z,2,727.22,,
ORD001514,BATTERY-AA,7,1903.23,,
ORD001515,GIZMO-PRO,7,1402.52,,
ORD001516,GIZMO-PRO,8,1602.88,,
ORD001517,SENSOR-T1,6,2310.78,inventory,
ORD001518,SENSOR-T1,6,2310.78,,
ORD001519,BATTERY-AA,10,2718.9,,
ORD001520,GADGET-X,10,2190.1,,
ORD001521,ADAPTER-USB-C,6,907.8,,
ORD001522,WIDGET-A,1,350.19,,
ORD001523,WIDGET-B,8,1032.0,,
ORD001524,WIDGET-A,2,700.38,,
ORD001525,GADGET-X,8,1752.08,,
ORD001526,ADAPTER-USB-C,1,151.3,,
ORD001527,CABLE-2M,4,1764.72,,
ORD001528,GADGET-X,5,1095.05,,
ORD001529,GADGET-X,5,1095.05,,
ORD001530,WIDGET-B,6,774.0,,
ORD001531,SENSOR-T1,2,770.26,,
ORD001532,MODULE-Z,3,1090.83,,
ORD001533,WIDGET-A,7,2451.33,,
ORD001534,SENSOR-T1,4,1540.52,,
ORD001535,CABLE-2M,2,882.36,,
ORD001536,WIDGET-B,1,129.0,,
ORD001537,GIZMO-PRO,8,1602.88,,
ORD001538,WIDGET-B,3,387.0,,
ORD001539,PANEL-40W,4,522.92,,
ORD001540,BATTERY-AA,8,2175.12,,
ORD001541,WIDGET-A,1,350.19,,
ORD001542,MODULE-Z,2,727.22,,
ORD001543,CABLE-2M,3,1323.54,,
ORD001544,ADAPTER-USB-C,2,302.6,,
ORD001545,GIZMO-PRO,7,1402.52,,
ORD001546,WIDGET-B,2,258.0,,
ORD001547,WIDGET-B,6,774.0,,
ORD001548,MODULE-Z,5,1818.05,,
ORD001549,GADGET-X,7,1533.07,,
ORD001550,GADGET-X,3,657.03,,
ORD001551,WIDGET-B,9,1161.0,order,
ORD001552,PANEL-40W,1,130.73,,
ORD001553,PANEL-40W,3,392.19,,
ORD001554,ADAPTER-USB-C,6,907.8,,
ORD001555,GIZMO-PRO,3,601.08,inventory,
ORD001556,CABLE-2M,10,4411.8,,
ORD001557,ADAPTER-USB-C,4,605.2,order,
ORD001558,WIDGET-B,2,258.0,,
ORD001559,GADGET-X,2,438.02,,
ORD001560,PANEL-40W,7,915.11,,
ORD001561,MODULE-Z,7,2545.27,,
ORD001562,MODULE-Z,3,1090.83,,
ORD001563,GIZMO-PRO,5,1001.8,,
ORD001564,WIDGET-B,4,516.0,,
ORD001565,BATTERY-AA,10,2718.9,,
ORD001566,PANEL-40W,10,1307.3,,
ORD001567,SENSOR-T1,1,385.13,,
ORD001568,SENSOR-T1,4,1540.52,,
ORD001569,BATTERY-AA,10,2718.9,,
ORD001570,BATTERY-AA,4,1087.56,,
ORD001571,CABLE-2M,5,2205.9,,
ORD001572,WIDGET-A,4,1400.76,,
ORD001573,ADAPTER-USB-C,7,1059.1,,
ORD001574,WIDGET-B,4,516.0,,
ORD001575,ADAPTER-USB-C,10,1513.0,,
ORD001576,WIDGET-B,9,1161.0,,
ORD001577,WIDGET-A,6,2101.14,,
ORD001578,MODULE-Z,3,1090.83,,
ORD001579,CABLE-2M,10,4411.8,,
ORD001580,CABLE-2M,6,2647.08,,
ORD001581,BATTERY-AA,3,815.67,,
ORD001582,ADAPTER-USB-C,2,302.6,,
ORD001583,WIDGET-A,10,3501.9,,
ORD001584,WIDGET-B,1,129.0,,
ORD001585,SENSOR-T1,4,1540.52,,
ORD001586,WIDGET-A,1,350.19,,
ORD001587,CABLE-2M,9,3970.62,,
ORD001588,SENSOR-T1,9,3466.17,,
ORD001589,CABLE-2M,7,3088.26,,
ORD001590,CABLE-2M,2,882.36,,
ORD001591,BATTERY-AA,9,2447.01,,
ORD001592,PANEL-40W,3,392.19,,
ORD001593,SENSOR-T1,2,770.26,,
ORD001594,SENSOR-T1,2,770.26,,
ORD001595,BATTERY-AA,4,1087.56,,
ORD001596,GADGET-X,9,1971.09,,
ORD001597,MODULE-Z,7,2545.27,,
ORD001598,PANEL-40W,2,261.46,,
ORD001599,SENSOR-T1,7,2695.91,,
ORD001600,GIZMO-PRO,1,200.36,,
ORD001601,GIZMO-PRO,2,400.72,,
ORD001602,CABLE-2M,2,882.36,,
ORD001603,ADAPTER-USB-C,10,1513.0,,
ORD001604,PANEL-40W,1,130.73,,
ORD001605,SENSOR-T1,3,1155.39,,
ORD001606,WIDGET-B,1,129.0,,
ORD001607,GADGET-X,1,219.01,,
ORD001608,GADGET-X,8,1752.08,,
ORD001609,MODULE-Z,9,3272.49,,
ORD001610,BATTERY-AA,5,1359.45,,
ORD001611,GADGET-X,6,1314.06,,
ORD001612,GADGET-X,5,1095.05,,
ORD001613,WIDGET-B,1,129.0,,
ORD001614,MODULE-Z,7,2545.27,,
ORD001615,SENSOR-T1,9,3466.17,,
ORD001616,WIDGET-B,5,645.0,,
ORD001617,PANEL-40W,2,261.46,,
ORD001618,ADAPTER-USB-C,8,1210.4,,
ORD001619,BATTERY-AA,6,1631.34,,
ORD001620,WIDGET-A,8,2801.52,,
ORD001621,PANEL-40W,3,392.19,inventory,
ORD001622,MODULE-Z,3,1090.83,,
ORD001623,SENSOR-T1,2,770.26,,
ORD001624,PANEL-40W,2,261.46,,
ORD001625,GIZMO-PRO,9,1803.24,,
ORD001626,WIDGET-A,1,350.19,,
ORD001627,WIDGET-A,4,1400.76,,
ORD001628,WIDGET-A,8,2801.52,,
ORD001629,MODULE-Z,7,2545.27,,
ORD001630,GADGET-X,3,657.03,,
ORD001631,WIDGET-A,9,3151.71,,
ORD001632,CABLE-2M,4,1764.72,,
ORD001633,MODULE-Z,4,1454.44,,
ORD001634,CABLE-2M,6,2647.08,,
ORD001635,SENSOR-T1,2,770.26,,
ORD001636,PANEL-40W,6,784.38,inventory,order
ORD001637,WIDGET-B,9,1161.0,,
ORD001638,WIDGET-A,3,1050.57,,
ORD001639,GIZMO-PRO,9,1803.24,,
ORD001640,WIDGET-A,7,2451.33,,
ORD001641,WIDGET-B,8,1032.0,,
ORD001642,SENSOR-T1,5,1925.65,,
ORD001643,MODULE-Z,2,727.22,,
ORD001644,BATTERY-AA,8,2175.12,inventory,
ORD001645,WIDGET-A,6,2101.14,,
ORD001646,GIZMO-PRO,5,1001.8,,
ORD001647,PANEL-40W,5,653.65,,
ORD001648,PANEL-40W,4,522.92,,
ORD001649,ADAPTER-USB-C,6,907.8,,
ORD001650,PANEL-40W,8,1045.84,,
ORD001651,GIZMO-PRO,9,1803.24,,
ORD001652,GIZMO-PRO,3,601.08,,
ORD001653,WIDGET-A,7,2451.33,,
ORD001654,WIDGET-A,4,1400.76,,
ORD001655,BATTERY-AA,6,1631.34,,
ORD001656,WIDGET-A,6,2101.14,,
ORD001657,WIDGET-A,7,2451.33,,
ORD001658,SENSOR-T1,2,770.26,,
ORD001659,GIZMO-PRO,9,1803.24,,
ORD001660,GIZMO-PRO,7,1402.52,,
ORD001661,ADAPTER-USB-C,1,151.3,,
ORD001662,GADGET-X,5,1095.05,,
ORD001663,WIDGET-B,1,129.0,,
ORD001664,GIZMO-PRO,9,1803.24,,
ORD001665,CABLE-2M,6,2647.08,,
ORD001666,ADAPTER-USB-C,2,302.6,,
ORD001667,PANEL-40W,2,261.46,,
ORD001668,BATTERY-AA,3,815.67,,
ORD001669,CABLE-2M,2,882.36,,
ORD001670,PANEL-40W,10,1307.3,,
ORD001671,WIDGET-A,7,2451.33,,
ORD001672,GADGET-X,4,876.04,,
ORD001673,SENSOR-T1,5,1925.65,,
ORD001674,MODULE-Z,7,2545.27,,
ORD001675,MODULE-Z,6,2181.66,,
ORD001676,ADAPTER-USB-C,5,756.5,,
ORD001677,GIZMO-PRO,2,400.72,,
ORD001678,GIZMO-PRO,3,601.08,,
ORD001679,PANEL-40W,2,261.46,,
ORD001680,GADGET-X,2,438.02,,
ORD001681,GADGET-X,8,1752.08,,
ORD001682,ADAPTER-USB-C,6,907.8,,
ORD001683,CABLE-2M,2,882.36,,
ORD001684,BATTERY-AA,6,1631.34,,
ORD001685,GIZMO-PRO,8,1602.88,,
ORD001686,SENSOR-T1,8,3081.04,,
ORD001687,SENSOR-T1,2,770.26,,
ORD001688,WIDGET-B,3,387.0,,
ORD001689,SENSOR-T1,10,3851.3,,
ORD001690,WIDGET-A,4,1400.76,,
ORD001691,MODULE-Z,3,1090.83,,
ORD001692,WIDGET-B,4,516.0,,
ORD001693,MODULE-Z,7,2545.27,,
ORD001694,BATTERY-AA,1,271.89,,
ORD001695,SENSOR-T1,5,1925.65,,
ORD001696,GADGET-X,1,219.01,,
ORD001697,CABLE-2M,8,3529.44,,
ORD001698,BATTERY-AA,9,2447.01,,
ORD001699,GIZMO-PRO,2,400.72,,
ORD001700,ADAPTER-USB-C,2,302.6,,
ORD001701,GADGET-X,2,438.02,,
ORD001702,WIDGET-A,1,350.19,,
ORD001703,GIZMO-PRO,3,601.08,,
ORD001704,GIZMO-PRO,7,1402.52,,
ORD001705,MODULE-Z,2,727.22,,
ORD001706,PANEL-40W,10,1307.3,,
ORD001707,SENSOR-T1,2,770.26,,
ORD001708,WIDGET-A,2,700.38,,
ORD001709,GIZMO-PRO,8,1602.88,,
ORD001710,GADGET-X,2,438.02,,
ORD001711,MODULE-Z,2,727.22,,
ORD001712,WIDGET-A,8,2801.52,,
ORD001713,WIDGET-A,3,1050.57,,
ORD001714,PANEL-40W,7,915.11,,
ORD001715,CABLE-2M,8,3529.44,,
ORD001716,WIDGET-A,7,2451.33,,
ORD001717,CABLE-2M,3,1323.54,,
ORD001718,MODULE-Z,4,1454.44,,
ORD001719,GADGET-X,5,1095.05,order,
ORD001720,SENSOR-T1,8,3081.04,,
ORD001721,GADGET-X,1,219.01,,
ORD001722,PANEL-40W,10,1307.3,,
ORD001723,PANEL-40W,4,522.92,,
ORD001724,SENSOR-T1,8,3081.04,,
ORD001725,CABLE-2M,9,3970.62,,
ORD001726,ADAPTER-USB-C,1,151.3,,
ORD001727,WIDGET-B,5,645.0,,
ORD001728,CABLE-2M,3,1323.54,,
ORD001729,CABLE-2M,4,1764.72,,
ORD001730,BATTERY-AA,4,1087.56,,
ORD001731,BATTERY-AA,1,271.89,,
ORD001732,CABLE-2M,6,2647.08,order,
ORD001733,ADAPTER-USB-C,9,1361.7,,
ORD001734,ADAPTER-USB-C,6,907.8,,
ORD001735,PANEL-40W,9,1176.57,,
ORD001736,MODULE-Z,7,2545.27,,
ORD001737,SENSOR-T1,3,1155.39,,
ORD001738,WIDGET-A,6,2101.14,,
ORD001739,PANEL-40W,4,522.92,,
ORD001740,WIDGET-A,5,1750.95,,
ORD001741,WIDGET-A,8,2801.52,,
ORD001742,BATTERY-AA,6,1631.34,,
ORD001743,PANEL-40W,4,522.92,,
ORD001744,GADGET-X,2,438.02,,
ORD001745,GIZMO-PRO,4,801.44,,
ORD001746,SENSOR-T1,9,3466.17,,
ORD001747,WIDGET-A,4,1400.76,,
ORD001748,PANEL-40W,7,915.11,,
ORD001749,MODULE-Z,3,1090.83,,
ORD001750,GADGET-X,4,876.04,,
ORD001751,PANEL-40W,6,784.38,,
ORD001752,MODULE-Z,10,3636.1,,
ORD001753,WIDGET-A,6,2101.14,,
ORD001754,PANEL-40W,10,1307.3,,
ORD001755,GADGET-X,10,2190.1,order,inventory
ORD001756,GIZMO-PRO,8,1602.88,,
ORD001757,BATTERY-AA,5,1359.45,,
ORD001758,GADGET-X,8,1752.08,,
ORD001759,WIDGET-A,2,700.38,,
ORD001760,WIDGET-A,4,1400.76,,
ORD001761,PANEL-40W,4,522.92,,
ORD001762,WIDGET-A,9,3151.71,,
ORD001763,ADAPTER-USB-C,1,151.3,,
ORD001764,MODULE-Z,10,3636.1,,
ORD001765,GIZMO-PRO,3,601.08,,
ORD001766,MODULE-Z,3,1090.83,,
ORD001767,MODULE-Z,1,363.61,,
ORD001768,WIDGET-A,3,1050.57,,
ORD001769,PANEL-40W,3,392.19,,
ORD001770,WIDGET-B,9,1161.0,,
ORD001771,MODULE-Z,2,727.22,,
ORD001772,MODULE-Z,7,2545.27,,
ORD001773,PANEL-40W,2,261.46,,
ORD001774,MODULE-Z,5,1818.05,,
ORD001775,MODULE-Z,3,1090.83,,
ORD001776,GADGET-X,7,1533.07,,
ORD001777,ADAPTER-USB-C,6,907.8,,
ORD001778,GADGET-X,9,1971.09,,
ORD001779,PANEL-40W,6,784.38,,
ORD001780,GIZMO-PRO,10,2003.6,,
ORD001781,GADGET-X,7,1533.07,,
ORD001782,SENSOR-T1,5,1925.65,,
ORD001783,GADGET-X,3,657.03,,
ORD001784,WIDGET-A,10,3501.9,,
ORD001785,CABLE-2M,10,4411.8,,
ORD001786,WIDGET-A,3,1050.57,,
ORD001787,PANEL-40W,6,784.38,,
ORD001788,PANEL-40W,4,522.92,,
ORD001789,PANEL-40W,2,261.46,,
ORD001790,ADAPTER-USB-C,3,453.9,,
ORD001791,MODULE-Z,2,727.22,,
ORD001792,GIZMO-PRO,6,1202.16,,
ORD001793,MODULE-Z,3,1090.83,,
ORD001794,WIDGET-B,6,774.0,,
ORD001795,ADAPTER-USB-C,1,151.3,,
ORD001796,SENSOR-T1,4,1540.52,,
ORD001797,GIZMO-PRO,2,400.72,,
ORD001798,MODULE-Z,5,1818.05,,
ORD001799,WIDGET-B,1,129.0,,
ORD001800,WIDGET-A,7,2451.33,,
ORD001801,ADAPTER-USB-C,7,1059.1,,
ORD001802,GADGET-X,7,1533.07,,
ORD001803,ADAPTER-USB-C,7,1059.1,,
ORD001804,MODULE-Z,9,3272.49,,
ORD001805,CABLE-2M,2,882.36,,
ORD001806,ADAPTER-USB-C,10,1513.0,,
ORD001807,GIZMO-PRO,3,601.08,,
ORD001808,ADAPTER-USB-C,2,302.6,,
ORD001809,WIDGET-A,5,1750.95,,
ORD001810,WIDGET-A,6,2101.14,,
ORD001811,SENSOR-T1,2,770.26,,
ORD001812,WIDGET-B,6,774.0,,
ORD001813,GADGET-X,7,1533.07,,
ORD001814,GADGET-X,2,438.02,,
ORD001815,BATTERY-AA,2,543.78,,
ORD001816,MODULE-Z,10,3636.1,,
ORD001817,PANEL-40W,8,1045.84,,
ORD001818,WIDGET-A,7,2451.33,,
ORD001819,GADGET-X,10,2190.1,,
ORD001820,CABLE-2M,3,1323.54,,
ORD001821,WIDGET-A,2,700.38,,
ORD001822,MODULE-Z,4,1454.44,,
ORD001823,GIZMO-PRO,7,1402.52,,
ORD001824,BATTERY-AA,9,2447.01,,
ORD001825,SENSOR-T1,5,1925.65,,
ORD001826,SENSOR-T1,4,1540.52,,
ORD001827,WIDGET-B,1,129.0,,
ORD001828,CABLE-2M,10,4411.8,,
ORD001829,BATTERY-AA,8,2175.12,,
ORD001830,GADGET-X,1,219.01,,
ORD001831,MODULE-Z,1,363.61,,
ORD001832,CABLE-2M,2,882.36,,
ORD001833,SENSOR-T1,10,3851.3,,
ORD001834,ADAPTER-USB-C,4,605.2,,
ORD001835,WIDGET-B,1,129.0,,
ORD001836,GIZMO-PRO,3,601.08,,
ORD001837,SENSOR-T1,2,770.26,,
ORD001838,ADAPTER-USB-C,2,302.6,,
ORD001839,SENSOR-T1,7,2695.91,,
ORD001840,ADAPTER-USB-C,8,1210.4,order,
ORD001841,SENSOR-T1,2,770.26,,
ORD001842,BATTERY-AA,7,1903.23,,
ORD001843,GADGET-X,6,1314.06,,
ORD001844,CABLE-2M,6,2647.08,,
ORD001845,GADGET-X,8,1752.08,,
ORD001846,WIDGET-A,5,1750.95,,
ORD001847,ADAPTER-USB-C,8,1210.4,,
ORD001848,SENSOR-T1,4,1540.52,,
ORD001849,SENSOR-T1,10,3851.3,,
ORD001850,WIDGET-A,3,1050.57,,
ORD001851,WIDGET-B,2,258.0,,
ORD001852,MODULE-Z,9,3272.49,,
ORD001853,CABLE-2M,10,4411.8,,
ORD001854,GIZMO-PRO,9,1803.24,,
ORD001855,WIDGET-A,7,2451.33,,
ORD001856,BATTERY-AA,7,1903.23,,
ORD001857,BATTERY-AA,8,2175.12,,
ORD001858,PANEL-40W,4,522.92,inventory,
ORD001859,ADAPTER-USB-C,5,756.5,,
ORD001860,WIDGET-B,7,903.0,,
ORD001861,WIDGET-A,9,3151.71,,
ORD001862,PANEL-40W,9,1176.57,,
ORD001863,PANEL-40W,10,1307.3,,
ORD001864,GADGET-X,2,438.02,,
ORD001865,ADAPTER-USB-C,3,453.9,,
ORD001866,GADGET-X,4,876.04,,
ORD001867,GIZMO-PRO,3,601.08,,
ORD001868,WIDGET-A,7,2451.33,,
ORD001869,WIDGET-B,7,903.0,,
ORD001870,GIZMO-PRO,3,601.08,,
ORD001871,PANEL-40W,5,653.65,,
ORD001872,MODULE-Z,2,727.22,,
ORD001873,WIDGET-B,7,903.0,,
ORD001874,BATTERY-AA,7,1903.23,,
ORD001875,BATTERY-AA,6,1631.34,,
ORD001876,SENSOR-T1,9,3466.17,,
ORD001877,ADAPTER-USB-C,1,151.3,,
ORD001878,PANEL-40W,10,1307.3,,
ORD001879,BATTERY-AA,7,1903.23,,
ORD001880,WIDGET-B,7,903.0,inventory,
ORD001881,GADGET-X,3,657.03,,
ORD001882,PANEL-40W,10,1307.3,order,
ORD001883,PANEL-40W,2,261.46,,
ORD001884,WIDGET-B,10,1290.0,,
ORD001885,WIDGET-B,5,645.0,,
ORD001886,BATTERY-AA,6,1631.34,,
ORD001887,CABLE-2M,5,2205.9,,
ORD001888,CABLE-2M,8,3529.44,,
ORD001889,PANEL-40W,10,1307.3,,
ORD001890,ADAPTER-USB-C,1,151.3,,
ORD001891,GADGET-X,5,1095.05,,
ORD001892,CABLE-2M,3,1323.54,,
ORD001893,PANEL-40W,10,1307.3,,
ORD001894,CABLE-2M,1,441.18,inventory,
ORD001895,CABLE-2M,6,2647.08,,
ORD001896,GIZMO-PRO,1,200.36,,
ORD001897,ADAPTER-USB-C,5,756.5,,
ORD001898,MODULE-Z,1,363.61,,
ORD001899,MODULE-Z,5,1818.05,,
ORD001900,SENSOR-T1,5,1925.65,,
ORD001901,ADAPTER-USB-C,2,302.6,,
ORD001902,GIZMO-PRO,3,601.08,,
ORD001903,SENSOR-T1,8,3081.04,,
ORD001904,MODULE-Z,5,1818.05,,
ORD001905,CABLE-2M,10,4411.8,,
ORD001906,WIDGET-B,4,516.0,,
ORD001907,ADAPTER-USB-C,4,605.2,,
ORD001908,CABLE-2M,8,3529.44,,
ORD001909,BATTERY-AA,6,1631.34,,
ORD001910,WIDGET-A,9,3151.71,,
ORD001911,GADGET-X,2,438.02,,
ORD001912,SENSOR-T1,9,3466.17,,
ORD001913,CABLE-2M,3,1323.54,,
ORD001914,BATTERY-AA,10,2718.9,,
ORD001915,WIDGET-A,3,1050.57,,
ORD001916,GIZMO-PRO,4,801.44,,
ORD001917,WIDGET-A,4,1400.76,,
ORD001918,WIDGET-A,8,2801.52,,
ORD001919,WIDGET-A,6,2101.14,,
ORD001920,GIZMO-PRO,5,1001.8,,
ORD001921,MODULE-Z,8,2908.88,,
ORD001922,BATTERY-AA,7,1903.23,,
ORD001923,WIDGET-B,1,129.0,,
ORD001924,GIZMO-PRO,6,1202.16,,
ORD001925,ADAPTER-USB-C,10,1513.0,,
ORD001926,ADAPTER-USB-C,3,453.9,,
ORD001927,ADAPTER-USB-C,10,1513.0,,
ORD001928,BATTERY-AA,6,1631.34,,
ORD001929,MODULE-Z,3,1090.83,,
ORD001930,SENSOR-T1,2,770.26,,
ORD001931,SENSOR-T1,1,385.13,,
ORD001932,CABLE-2M,1,441.18,,
ORD001933,GADGET-X,10,2190.1,,
ORD001934,GIZMO-PRO,4,801.44,,
ORD001935,GIZMO-PRO,4,801.44,,
ORD001936,SENSOR-T1,7,2695.91,,
ORD001937,BATTERY-AA,1,271.89,,
ORD001938,WIDGET-A,8,2801.52,,
ORD001939,GADGET-X,3,657.03,,
ORD001940,PANEL-40W,1,130.73,,
ORD001941,GIZMO-PRO,5,1001.8,,
ORD001942,PANEL-40W,5,653.65,,
ORD001943,SENSOR-T1,7,2695.91,,
ORD001944,CABLE-2M,6,2647.08,,
ORD001945,ADAPTER-USB-C,5,756.5,,
ORD001946,GIZMO-PRO,8,1602.88,,
ORD001947,SENSOR-T1,9,3466.17,,
ORD001948,PANEL-40W,7,915.11,,
ORD001949,PANEL-40W,2,261.46,,
ORD001950,WIDGET-A,9,3151.71,,
ORD001951,MODULE-Z,9,3272.49,,
ORD001952,PANEL-40W,10,1307.3,,
ORD001953,SENSOR-T1,5,1925.65,,
ORD001954,WIDGET-B,8,1032.0,,
ORD001955,WIDGET-B,6,774.0,,
ORD001956,SENSOR-T1,6,2310.78,,
ORD001957,SENSOR-T1,5,1925.65,,
ORD001958,SENSOR-T1,4,1540.52,,
ORD001959,GADGET-X,9,1971.09,,
ORD001960,GIZMO-PRO,1,200.36,,
ORD001961,PANEL-40W,7,915.11,,
ORD001962,MODULE-Z,3,1090.83,,
ORD001963,WIDGET-A,8,2801.52,,
ORD001964,SENSOR-T1,5,1925.65,,
ORD001965,CABLE-2M,7,3088.26,,
ORD001966,CABLE-2M,1,441.18,,
ORD001967,PANEL-40W,10,1307.3,,
ORD001968,GIZMO-PRO,6,1202.16,,
ORD001969,GIZMO-PRO,9,1803.24,,
ORD001970,ADAPTER-USB-C,6,907.8,,
ORD001971,BATTERY-AA,5,1359.45,,
ORD001972,GADGET-X,9,1971.09,,
ORD001973,GADGET-X,5,1095.05,,
ORD001974,WIDGET-B,8,1032.0,,
ORD001975,GADGET-X,5,1095.05,,
ORD001976,BATTERY-AA,3,815.67,,
ORD001977,MODULE-Z,2,727.22,,
ORD001978,GIZMO-PRO,6,1202.16,,
ORD001979,GIZMO-PRO,5,1001.8,,
ORD001980,CABLE-2M,6,2647.08,,
ORD001981,MODULE-Z,5,1818.05,,
ORD001982,PANEL-40W,5,653.65,,
ORD001983,ADAPTER-USB-C,2,302.6,,
ORD001984,ADAPTER-USB-C,1,151.3,,
ORD001985,PANEL-40W,10,1307.3,,
ORD001986,PANEL-40W,2,261.46,,
ORD001987,ADAPTER-USB-C,4,605.2,,
ORD001988,BATTERY-AA,2,543.78,,
ORD001989,CABLE-2M,9,3970.62,,
ORD001990,SENSOR-T1,7,2695.91,,
ORD001991,WIDGET-A,3,1050.57,,
ORD001992,GADGET-X,4,876.04,,
ORD001993,MODULE-Z,7,2545.27,,
ORD001994,PANEL-40W,8,1045.84,,
ORD001995,GADGET-X,6,1314.06,,
ORD001996,GADGET-X,2,438.02,,
ORD001997,ADAPTER-USB-C,6,907.8,,
ORD001998,GADGET-X,6,1314.06,,
ORD001999,WIDGET-A,1,350.19,,
ORD002000,ADAPTER-USB-C,5,756.5,,
ORD002001,GIZMO-PRO,3,601.08,,
ORD002002,PANEL-40W,3,392.19,,
ORD002003,ADAPTER-USB-C,2,302.6,,
ORD002004,GADGET-X,10,2190.1,,
ORD002005,CABLE-2M,7,3088.26,,
ORD002006,CABLE-2M,7,3088.26,,
ORD002007,ADAPTER-USB-C,7,1059.1,,
ORD002008,WIDGET-A,1,350.19,,
ORD002009,BATTERY-AA,4,1087.56,,
ORD002010,MODULE-Z,1,363.61,,
ORD002011,MODULE-Z,9,3272.49,,
ORD002012,GIZMO-PRO,1,200.36,,
ORD002013,WIDGET-A,4,1400.76,,
ORD002014,GIZMO-PRO,6,1202.16,,
ORD002015,SENSOR-T1,3,1155.39,,
ORD002016,WIDGET-B,7,903.0,,
ORD002017,BATTERY-AA,10,2718.9,,
ORD002018,SENSOR-T1,3,1155.39,,
ORD002019,WIDGET-B,1,129.0,,
ORD002020,SENSOR-T1,5,1925.65,,
ORD002021,ADAPTER-USB-C,9,1361.7,,
ORD002022,PANEL-40W,9,1176.57,inventory,order
ORD002023,MODULE-Z,7,2545.27,,
ORD002024,GADGET-X,6,1314.06,,
ORD002025,ADAPTER-USB-C,6,907.8,,
ORD002026,GIZMO-PRO,3,601.08,,
ORD002027,CABLE-2M,1,441.18,,
ORD002028,GIZMO-PRO,4,801.44,,
ORD002029,GADGET-X,4,876.04,,
ORD002030,WIDGET-A,10,3501.9,,
ORD002031,BATTERY-AA,3,815.67,,
ORD002032,WIDGET-B,6,774.0,,
ORD002033,WIDGET-A,7,2451.33,,
ORD002034,SENSOR-T1,9,3466.17,,
ORD002035,PANEL-40W,1,130.73,,
ORD002036,PANEL-40W,1,130.73,,
ORD002037,WIDGET-B,1,129.0,,
ORD002038,WIDGET-A,2,700.38,,
ORD002039,CABLE-2M,8,3529.44,,
ORD002040,CABLE-2M,2,882.36,,
ORD002041,BATTERY-AA,5,1359.45,,
ORD002042,ADAPTER-USB-C,3,453.9,,
ORD002043,GIZMO-PRO,1,200.36,,
ORD002044,SENSOR-T1,7,2695.91,,
ORD002045,WIDGET-B,9,1161.0,inventory,
ORD002046,SENSOR-T1,10,3851.3,,
ORD002047,PANEL-40W,3,392.19,,
ORD002048,CABLE-2M,2,882.36,,
ORD002049,BATTERY-AA,10,2718.9,,
ORD002050,WIDGET-B,5,645.0,,
ORD002051,WIDGET-B,2,258.0,,
ORD002052,ADAPTER-USB-C,4,605.2,,
ORD002053,PANEL-40W,4,522.92,,
ORD002054,SENSOR-T1,9,3466.17,,
ORD002055,GIZMO-PRO,6,1202.16,,
ORD002056,CABLE-2M,5,2205.9,,
ORD002057,GADGET-X,1,219.01,,
ORD002058,BATTERY-AA,8,2175.12,,
ORD002059,GIZMO-PRO,8,1602.88,,
ORD002060,MODULE-Z,4,1454.44,,
ORD002061,WIDGET-A,1,350.19,,
ORD002062,WIDGET-B,2,258.0,,
ORD002063,PANEL-40W,8,1045.84,,
ORD002064,GADGET-X,2,438.02,,
ORD002065,BATTERY-AA,2,543.78,,
ORD002066,WIDGET-B,5,645.0,,
ORD002067,GIZMO-PRO,8,1602.88,,
ORD002068,SENSOR-T1,5,1925.65,,
ORD002069,ADAPTER-USB-C,1,151.3,,
ORD002070,WIDGET-B,3,387.0,order,
ORD002071,WIDGET-A,5,1750.95,,
ORD002072,MODULE-Z,6,2181.66,,
ORD002073,CABLE-2M,2,882.36,,
ORD002074,WIDGET-B,1,129.0,,
ORD002075,WIDGET-A,3,1050.57,,
ORD002076,GADGET-X,6,1314.06,,
ORD002077,MODULE-Z,8,2908.88,,
ORD002078,PANEL-40W,5,653.65,,
ORD002079,WIDGET-B,6,774.0,,
ORD002080,MODULE-Z,3,1090.83,,
ORD002081,WIDGET-B,7,903.0,,
ORD002082,CABLE-2M,8,3529.44,,
ORD002083,SENSOR-T1,7,2695.91,,
ORD002084,ADAPTER-USB-C,7,1059.1,,
ORD002085,GADGET-X,2,438.02,,
ORD002086,GADGET-X,1,219.01,,
ORD002087,GADGET-X,2,438.02,,
ORD002088,CABLE-2M,10,4411.8,inventory,order
ORD002089,ADAPTER-USB-C,10,1513.0,,
ORD002090,ADAPTER-USB-C,3,453.9,,
ORD002091,PANEL-40W,7,915.11,,
ORD002092,MODULE-Z,10,3636.1,,
ORD002093,WIDGET-A,3,1050.57,,
ORD002094,ADAPTER-USB-C,8,1210.4,,
ORD002095,WIDGET-B,7,903.0,,
ORD002096,ADAPTER-USB-C,1,151.3,,
ORD002097,WIDGET-B,5,645.0,,
ORD002098,MODULE-Z,1,363.61,,
ORD002099,BATTERY-AA,10,2718.9,,
ORD002100,PANEL-40W,4,522.92,,
ORD002101,MODULE-Z,9,3272.49,,
ORD002102,BATTERY-AA,10,2718.9,,
ORD002103,WIDGET-B,7,903.0,,
ORD002104,GIZMO-PRO,8,1602.88,,
ORD002105,MODULE-Z,7,2545.27,,
ORD002106,GADGET-X,9,1971.09,,
ORD002107,PANEL-40W,1,130.73,,
ORD002108,WIDGET-A,3,1050.57,,
ORD002109,BATTERY-AA,8,2175.12,,
ORD002110,ADAPTER-USB-C,3,453.9,,
ORD002111,WIDGET-B,8,1032.0,,
ORD002112,MODULE-Z,4,1454.44,,
ORD002113,MODULE-Z,5,1818.05,,
ORD002114,WIDGET-A,9,3151.71,,
ORD002115,GIZMO-PRO,9,1803.24,,
ORD002116,CABLE-2M,7,3088.26,,
ORD002117,GIZMO-PRO,2,400.72,,
ORD002118,ADAPTER-USB-C,8,1210.4,,
ORD002119,PANEL-40W,8,1045.84,,
ORD002120,WIDGET-B,8,1032.0,,
ORD002121,ADAPTER-USB-C,6,907.8,,
ORD002122,WIDGET-B,8,1032.0,,
ORD002123,WIDGET-A,2,700.38,,
ORD002124,CABLE-2M,7,3088.26,,
ORD002125,WIDGET-A,9,3151.71,,
ORD002126,BATTERY-AA,1,271.89,,
ORD002127,WIDGET-B,10,1290.0,,
ORD002128,PANEL-40W,5,653.65,,
ORD002129,BATTERY-AA,9,2447.01,,
ORD002130,GIZMO-PRO,8,1602.88,,
ORD002131,MODULE-Z,6,2181.66,,
ORD002132,WIDGET-A,4,1400.76,,
ORD002133,ADAPTER-USB-C,6,907.8,,
ORD002134,BATTERY-AA,10,2718.9,,
ORD002135,PANEL-40W,8,1045.84,,
ORD002136,MODULE-Z,8,2908.88,,
ORD002137,WIDGET-B,2,258.0,,
ORD002138,GIZMO-PRO,1,200.36,,
ORD002139,MODULE-Z,6,2181.66,,
ORD002140,SENSOR-T1,9,3466.17,,
ORD002141,BATTERY-AA,6,1631.34,,
ORD002142,WIDGET-B,1,129.0,,
ORD002143,GADGET-X,8,1752.08,,
ORD002144,GADGET-X,7,1533.07,,
ORD002145,WIDGET-B,5,645.0,,
ORD002146,PANEL-40W,4,522.92,,
ORD002147,GIZMO-PRO,2,400.72,,
ORD002148,CABLE-2M,4,1764.72,,
ORD002149,ADAPTER-USB-C,4,605.2,,
ORD002150,MODULE-Z,2,727.22,,
ORD002151,CABLE-2M,1,441.18,,
ORD002152,PANEL-40W,2,261.46,,
ORD002153,ADAPTER-USB-C,8,1210.4,,
ORD002154,PANEL-40W,9,1176.57,,
ORD002155,GADGET-X,8,1752.08,,
ORD002156,WIDGET-A,9,3151.71,,
ORD002157,WIDGET-A,9,3151.71,,
ORD002158,CABLE-2M,10,4411.8,,
ORD002159,ADAPTER-USB-C,9,1361.7,,
ORD002160,GADGET-X,10,2190.1,,
ORD002161,GADGET-X,3,657.03,,
ORD002162,WIDGET-B,7,903.0,,
ORD002163,PANEL-40W,10,1307.3,,
ORD002164,MODULE-Z,9,3272.49,,
ORD002165,CABLE-2M,7,3088.26,,
ORD002166,PANEL-40W,4,522.92,,
ORD002167,SENSOR-T1,7,2695.91,,
ORD002168,MODULE-Z,5,1818.05,,
ORD002169,ADAPTER-USB-C,3,453.9,,
ORD002170,GADGET-X,7,1533.07,,
ORD002171,PANEL-40W,9,1176.57,,
ORD002172,SENSOR-T1,9,3466.17,,
ORD002173,MODULE-Z,9,3272.49,,
ORD002174,GIZMO-PRO,4,801.44,,
ORD002175,GIZMO-PRO,10,2003.6,,
ORD002176,SENSOR-T1,6,2310.78,,
ORD002177,GADGET-X,3,657.03,,
ORD002178,BATTERY-AA,9,2447.01,,
ORD002179,MODULE-Z,2,727.22,,
ORD002180,MODULE-Z,9,3272.49,,
ORD002181,ADAPTER-USB-C,10,1513.0,,
ORD002182,PANEL-40W,7,915.11,,
ORD002183,BATTERY-AA,5,1359.45,,
ORD002184,CABLE-2M,1,441.18,,
ORD002185,BATTERY-AA,2,543.78,,
ORD002186,WIDGET-A,7,2451.33,,
ORD002187,GADGET-X,1,219.01,,
ORD002188,WIDGET-A,4,1400.76,inventory,
ORD002189,SENSOR-T1,3,1155.39,,
ORD002190,SENSOR-T1,5,1925.65,,
ORD002191,GADGET-X,1,219.01,,
ORD002192,SENSOR-T1,4,1540.52,,
ORD002193,BATTERY-AA,1,271.89,,
ORD002194,MODULE-Z,8,2908.88,,
ORD002195,WIDGET-B,10,1290.0,,
ORD002196,BATTERY-AA,4,1087.56,,
ORD002197,BATTERY-AA,7,1903.23,order,
ORD002198,GIZMO-PRO,9,1803.24,,
ORD002199,SENSOR-T1,1,385.13,,
ORD002200,CABLE-2M,7,3088.26,,
ORD002201,CABLE-2M,6,2647.08,,
ORD002202,BATTERY-AA,1,271.89,,
ORD002203,WIDGET-A,5,1750.95,,
ORD002204,GIZMO-PRO,10,2003.6,,
ORD002205,ADAPTER-USB-C,4,605.2,,
ORD002206,MODULE-Z,10,3636.1,,
ORD002207,BATTERY-AA,10,2718.9,,
ORD002208,GIZMO-PRO,4,801.44,order,inventory
ORD002209,SENSOR-T1,8,3081.04,,
ORD002210,GADGET-X,2,438.02,,
ORD002211,GADGET-X,3,657.03,,
ORD002212,BATTERY-AA,2,543.78,,
ORD002213,CABLE-2M,1,441.18,,
ORD002214,CABLE-2M,5,2205.9,,
ORD002215,BATTERY-AA,5,1359.45,,
ORD002216,GADGET-X,3,657.03,,
ORD002217,PANEL-40W,5,653.65,,
ORD002218,WIDGET-A,6,2101.14,,
ORD002219,ADAPTER-USB-C,3,453.9,,
ORD002220,WIDGET-A,3,1050.57,,
ORD002221,MODULE-Z,10,3636.1,,
ORD002222,WIDGET-A,10,3501.9,,
ORD002223,SENSOR-T1,8,3081.04,,
ORD002224,PANEL-40W,9,1176.57,,
ORD002225,MODULE-Z,2,727.22,,
ORD002226,MODULE-Z,9,3272.49,,
ORD002227,GIZMO-PRO,3,601.08,,
ORD002228,BATTERY-AA,2,543.78,,
ORD002229,BATTERY-AA,3,815.67,,
ORD002230,CABLE-2M,9,3970.62,,
ORD002231,BATTERY-AA,7,1903.23,,
ORD002232,WIDGET-B,6,774.0,,
ORD002233,GIZMO-PRO,4,801.44,order,
ORD002234,MODULE-Z,6,2181.66,,
ORD002235,MODULE-Z,5,1818.05,,
ORD002236,GIZMO-PRO,10,2003.6,,
ORD002237,BATTERY-AA,8,2175.12,,
ORD002238,BATTERY-AA,1,271.89,,
ORD002239,WIDGET-B,6,774.0,,
ORD002240,ADAPTER-USB-C,4,605.2,,
ORD002241,PANEL-40W,10,1307.3,,
ORD002242,GIZMO-PRO,1,200.36,,
ORD002243,MODULE-Z,7,2545.27,,
ORD002244,WIDGET-B,7,903.0,,
ORD002245,SENSOR-T1,9,3466.17,,
ORD002246,SENSOR-T1,1,385.13,,
ORD002247,BATTERY-AA,6,1631.34,,
ORD002248,BATTERY-AA,9,2447.01,,
ORD002249,ADAPTER-USB-C,8,1210.4,,
ORD002250,WIDGET-A,5,1750.95,,
ORD002251,GIZMO-PRO,6,1202.16,,
ORD002252,BATTERY-AA,2,543.78,,
ORD002253,WIDGET-B,3,387.0,,
ORD002254,BATTERY-AA,9,2447.01,,
ORD002255,WIDGET-A,2,700.38,,
ORD002256,GIZMO-PRO,4,801.44,,
ORD002257,CABLE-2M,2,882.36,,
ORD002258,GIZMO-PRO,9,1803.24,,
ORD002259,CABLE-2M,2,882.36,,
ORD002260,GADGET-X,1,219.01,,
ORD002261,ADAPTER-USB-C,6,907.8,,
ORD002262,WIDGET-A,2,700.38,order,
ORD002263,WIDGET-B,1,129.0,,
ORD002264,GADGET-X,5,1095.05,,
ORD002265,BATTERY-AA,2,543.78,,
ORD002266,PANEL-40W,4,522.92,,
ORD002267,SENSOR-T1,7,2695.91,,
ORD002268,CABLE-2M,8,3529.44,,
ORD002269,CABLE-2M,7,3088.26,,
ORD002270,MODULE-Z,1,363.61,,
ORD002271,CABLE-2M,2,882.36,,
ORD002272,BATTERY-AA,1,271.89,,
ORD002273,PANEL-40W,2,261.46,,
ORD002274,PANEL-40W,1,130.73,,
ORD002275,WIDGET-B,6,774.0,,
ORD002276,BATTERY-AA,2,543.78,,
ORD002277,SENSOR-T1,5,1925.65,,
ORD002278,PANEL-40W,2,261.46,,
ORD002279,SENSOR-T1,8,3081.04,,
ORD002280,CABLE-2M,7,3088.26,,
ORD002281,WIDGET-A,8,2801.52,,
ORD002282,GADGET-X,9,1971.09,inventory,
ORD002283,GIZMO-PRO,3,601.08,,
ORD002284,CABLE-2M,9,3970.62,,
ORD002285,SENSOR-T1,3,1155.39,,
ORD002286,SENSOR-T1,6,2310.78,,
ORD002287,WIDGET-A,9,3151.71,,
ORD002288,BATTERY-AA,3,815.67,,
ORD002289,WIDGET-B,1,129.0,,
ORD002290,WIDGET-A,10,3501.9,,
ORD002291,PANEL-40W,7,915.11,,
ORD002292,BATTERY-AA,9,2447.01,,
ORD002293,WIDGET-B,5,645.0,,
ORD002294,GIZMO-PRO,6,1202.16,,
ORD002295,GIZMO-PRO,7,1402.52,,
ORD002296,BATTERY-AA,3,815.67,,
ORD002297,GADGET-X,3,657.03,,
ORD002298,GIZMO-PRO,10,2003.6,,
ORD002299,SENSOR-T1,4,1540.52,order,
ORD002300,WIDGET-B,3,387.0,order,inventory
ORD002301,PANEL-40W,1,130.73,,
ORD002302,BATTERY-AA,8,2175.12,,
ORD002303,BATTERY-AA,2,543.78,,
ORD002304,SENSOR-T1,2,770.26,,
ORD002305,SENSOR-T1,2,770.26,,
ORD002306,GIZMO-PRO,10,2003.6,,
ORD002307,ADAPTER-USB-C,6,907.8,,
ORD002308,MODULE-Z,3,1090.83,,
ORD002309,GIZMO-PRO,2,400.72,,
ORD002310,SENSOR-T1,10,3851.3,,
ORD002311,WIDGET-B,4,516.0,,
ORD002312,MODULE-Z,8,2908.88,,
ORD002313,ADAPTER-USB-C,6,907.8,,
ORD002314,PANEL-40W,5,653.65,,
ORD002315,PANEL-40W,3,392.19,,
ORD002316,PANEL-40W,10,1307.3,,
ORD002317,MODULE-Z,6,2181.66,,
ORD002318,CABLE-2M,3,1323.54,,
ORD002319,WIDGET-A,6,2101.14,,
ORD002320,GIZMO-PRO,4,801.44,,
ORD002321,CABLE-2M,5,2205.9,,
ORD002322,MODULE-Z,3,1090.83,,
ORD002323,MODULE-Z,8,2908.88,,
ORD002324,ADAPTER-USB-C,8,1210.4,inventory,
ORD002325,MODULE-Z,5,1818.05,,
ORD002326,ADAPTER-USB-C,9,1361.7,,
ORD002327,WIDGET-B,3,387.0,,
ORD002328,PANEL-40W,2,261.46,,
ORD002329,SENSOR-T1,3,1155.39,,
ORD002330,BATTERY-AA,4,1087.56,,
ORD002331,SENSOR-T1,2,770.26,,
ORD002332,WIDGET-B,1,129.0,,
ORD002333,BATTERY-AA,1,271.89,,
ORD002334,PANEL-40W,10,1307.3,,
ORD002335,CABLE-2M,10,4411.8,,
ORD002336,GIZMO-PRO,1,200.36,,
ORD002337,BATTERY-AA,5,1359.45,,
ORD002338,BATTERY-AA,9,2447.01,,
ORD002339,ADAPTER-USB-C,3,453.9,,
ORD002340,MODULE-Z,7,2545.27,,
ORD002341,GIZMO-PRO,10,2003.6,,
ORD002342,SENSOR-T1,3,1155.39,,
ORD002343,ADAPTER-USB-C,9,1361.7,,
ORD002344,BATTERY-AA,2,543.78,,
ORD002345,CABLE-2M,6,2647.08,,
ORD002346,BATTERY-AA,1,271.89,,
ORD002347,GIZMO-PRO,10,2003.6,,
ORD002348,GADGET-X,9,1971.09,,
ORD002349,GADGET-X,8,1752.08,,
ORD002350,GADGET-X,3,657.03,,
ORD002351,PANEL-40W,10,1307.3,,
ORD002352,GADGET-X,8,1752.08,,
ORD002353,MODULE-Z,1,363.61,,
ORD002354,GIZMO-PRO,8,1602.88,,
ORD002355,GIZMO-PRO,2,400.72,,
ORD002356,SENSOR-T1,6,2310.78,,
ORD002357,GIZMO-PRO,1,200.36,,
ORD002358,GIZMO-PRO,9,1803.24,,
ORD002359,MODULE-Z,7,2545.27,,
ORD002360,ADAPTER-USB-C,8,1210.4,,
ORD002361,WIDGET-A,1,350.19,,
ORD002362,MODULE-Z,2,727.22,,
ORD002363,BATTERY-AA,5,1359.45,,
ORD002364,SENSOR-T1,10,3851.3,,
ORD002365,BATTERY-AA,10,2718.9,order,
ORD002366,GADGET-X,7,1533.07,,
ORD002367,CABLE-2M,6,2647.08,,
ORD002368,PANEL-40W,2,261.46,,
ORD002369,BATTERY-AA,5,1359.45,,
ORD002370,CABLE-2M,4,1764.72,,
ORD002371,BATTERY-AA,7,1903.23,,
ORD002372,MODULE-Z,6,2181.66,,
ORD002373,ADAPTER-USB-C,8,1210.4,,
ORD002374,PANEL-40W,1,130.73,,
ORD002375,BATTERY-AA,3,815.67,,
ORD002376,ADAPTER-USB-C,3,453.9,,
ORD002377,GIZMO-PRO,2,400.72,,
ORD002378,BATTERY-AA,5,1359.45,,
ORD002379,GIZMO-PRO,3,601.08,,
ORD002380,GADGET-X,3,657.03,,
ORD002381,MODULE-Z,10,3636.1,,
ORD002382,WIDGET-B,4,516.0,,
ORD002383,CABLE-2M,6,2647.08,,
ORD002384,WIDGET-B,8,1032.0,,
ORD002385,ADAPTER-USB-C,8,1210.4,,
ORD002386,GIZMO-PRO,10,2003.6,,
ORD002387,GADGET-X,7,1533.07,,
ORD002388,WIDGET-A,4,1400.76,,
ORD002389,WIDGET-A,3,1050.57,,
ORD002390,PANEL-40W,10,1307.3,,
ORD002391,GADGET-X,3,657.03,order,inventory
ORD002392,BATTERY-AA,1,271.89,,
ORD002393,PANEL-40W,3,392.19,,
ORD002394,WIDGET-A,3,1050.57,,
ORD002395,SENSOR-T1,3,1155.39,order,inventory
ORD002396,BATTERY-AA,7,1903.23,,
ORD002397,PANEL-40W,10,1307.3,,
ORD002398,WIDGET-A,5,1750.95,,
ORD002399,WIDGET-B,4,516.0,,
ORD002400,ADAPTER-USB-C,10,1513.0,,
ORD002401,ADAPTER-USB-C,8,1210.4,,
ORD002402,GADGET-X,4,876.04,,
ORD002403,CABLE-2M,10,4411.8,,
ORD002404,GADGET-X,10,2190.1,,
ORD002405,GADGET-X,10,2190.1,,
ORD002406,BATTERY-AA,5,1359.45,,
ORD002407,GADGET-X,6,1314.06,,
ORD002408,ADAPTER-USB-C,10,1513.0,,
ORD002409,PANEL-40W,2,261.46,,
ORD002410,GIZMO-PRO,7,1402.52,,
ORD002411,CABLE-2M,3,1323.54,,
ORD002412,WIDGET-B,1,129.0,,
ORD002413,GIZMO-PRO,9,1803.24,,
ORD002414,BATTERY-AA,7,1903.23,order,
ORD002415,GADGET-X,10,2190.1,,
ORD002416,WIDGET-B,3,387.0,,
ORD002417,ADAPTER-USB-C,10,1513.0,,
ORD002418,PANEL-40W,1,130.73,,
ORD002419,BATTERY-AA,9,2447.01,,
ORD002420,WIDGET-B,2,258.0,,
ORD002421,ADAPTER-USB-C,3,453.9,,
ORD002422,PANEL-40W,9,1176.57,,
ORD002423,WIDGET-A,7,2451.33,,
ORD002424,BATTERY-AA,7,1903.23,,
ORD002425,MODULE-Z,1,363.61,,
ORD002426,BATTERY-AA,7,1903.23,,
ORD002427,GIZMO-PRO,8,1602.88,,
ORD002428,CABLE-2M,6,2647.08,,
ORD002429,PANEL-40W,10,1307.3,,
ORD002430,WIDGET-B,7,903.0,,
ORD002431,GADGET-X,5,1095.05,,
ORD002432,ADAPTER-USB-C,4,605.2,,
ORD002433,WIDGET-B,5,645.0,,
ORD002434,PANEL-40W,9,1176.57,,
ORD002435,CABLE-2M,5,2205.9,,
ORD002436,GIZMO-PRO,1,200.36,,
ORD002437,WIDGET-A,10,3501.9,,
ORD002438,BATTERY-AA,2,543.78,,
ORD002439,BATTERY-AA,1,271.89,,
ORD002440,CABLE-2M,4,1764.72,,
ORD002441,MODULE-Z,7,2545.27,,
ORD002442,MODULE-Z,2,727.22,,
ORD002443,GADGET-X,7,1533.07,,
ORD002444,PANEL-40W,5,653.65,,
ORD002445,SENSOR-T1,9,3466.17,,
ORD002446,CABLE-2M,10,4411.8,,
ORD002447,MODULE-Z,10,3636.1,,
ORD002448,SENSOR-T1,7,2695.91,,
ORD002449,GIZMO-PRO,7,1402.52,,
ORD002450,BATTERY-AA,9,2447.01,,
ORD002451,ADAPTER-USB-C,3,453.9,,
ORD002452,MODULE-Z,9,3272.49,,
ORD002453,BATTERY-AA,8,2175.12,,
ORD002454,SENSOR-T1,5,1925.65,,
ORD002455,PANEL-40W,6,784.38,,
ORD002456,CABLE-2M,3,1323.54,,
ORD002457,WIDGET-B,4,516.0,,
ORD002458,ADAPTER-USB-C,3,453.9,,
ORD002459,WIDGET-B,4,516.0,,
ORD002460,BATTERY-AA,7,1903.23,,
ORD002461,MODULE-Z,9,3272.49,,
ORD002462,PANEL-40W,1,130.73,,
ORD002463,GADGET-X,7,1533.07,,
ORD002464,WIDGET-A,2,700.38,,
ORD002465,GADGET-X,8,1752.08,,
ORD002466,PANEL-40W,7,915.11,order,
ORD002467,WIDGET-B,2,258.0,,
ORD002468,SENSOR-T1,4,1540.52,,
ORD002469,MODULE-Z,2,727.22,,
ORD002470,PANEL-40W,1,130.73,,
ORD002471,CABLE-2M,7,3088.26,,
ORD002472,PANEL-40W,9,1176.57,,
ORD002473,SENSOR-T1,10,3851.3,order,
ORD002474,WIDGET-A,3,1050.57,,
ORD002475,ADAPTER-USB-C,8,1210.4,,
ORD002476,WIDGET-A,4,1400.76,,
ORD002477,BATTERY-AA,5,1359.45,,
ORD002478,GIZMO-PRO,1,200.36,,
ORD002479,PANEL-40W,9,1176.57,,
ORD002480,BATTERY-AA,4,1087.56,,
ORD002481,PANEL-40W,3,392.19,,
ORD002482,WIDGET-A,6,2101.14,,
ORD002483,GIZMO-PRO,1,200.36,,
ORD002484,GADGET-X,2,438.02,,
ORD002485,SENSOR-T1,7,2695.91,,
ORD002486,MODULE-Z,7,2545.27,,
ORD002487,CABLE-2M,10,4411.8,,
ORD002488,GIZMO-PRO,9,1803.24,,
ORD002489,WIDGET-A,2,700.38,,
ORD002490,WIDGET-B,9,1161.0,,
ORD002491,SENSOR-T1,9,3466.17,,
ORD002492,PANEL-40W,6,784.38,,
ORD002493,MODULE-Z,5,1818.05,,
ORD002494,GIZMO-PRO,10,2003.6,,
ORD002495,GIZMO-PRO,8,1602.88,,
ORD002496,CABLE-2M,10,4411.8,inventory,
ORD002497,WIDGET-A,5,1750.95,,
ORD002498,GADGET-X,7,1533.07,,
ORD002499,BATTERY-AA,2,543.78,,
ORD002500,BATTERY-AA,2,543.78,,
